# секунда	частота	CPU мс	GPU мс	draw calls
0	72.0	0.266	3.035	1600
1	72.0	1.673	10.534	1600
2	72.0	1.607	10.811	1600
3	72.0	1.584	10.789	1600
4	72.0	1.844	10.706	1600
5	72.0	1.735	10.553	1600
6	72.0	1.766	10.518	1600
7	72.0	1.711	10.618	1600
8	72.0	1.670	10.922	1600
9	72.0	1.616	10.746	1600
10	72.0	1.634	10.867	1600
11	72.0	1.740	10.957	1600
12	72.0	1.696	11.050	1600
13	72.0	1.623	11.199	1600
14	72.0	1.701	10.872	1600
15	72.0	1.800	10.859	1600
16	72.0	1.581	10.699	1600
17	72.0	1.635	10.680	1600
18	72.0	1.818	10.932	1600
19	72.0	1.804	10.893	1600
20	72.0	1.879	11.355	1600
21	72.0	1.675	10.971	1600
22	72.0	1.872	11.103	1600
23	72.0	1.743	10.497	1600
24	72.0	1.783	10.895	1600
25	72.0	1.787	10.713	1600
26	72.0	1.661	10.459	1600
27	72.0	1.657	10.500	1600
28	72.0	1.616	10.245	1600
29	72.0	1.634	10.800	1600
30	72.0	1.605	10.562	1600
31	72.0	1.568	10.592	1600
32	72.0	1.746	10.917	1600
33	72.0	1.590	10.172	1600
34	72.0	1.808	11.011	1600
35	72.0	1.640	10.572	1600
36	72.0	1.666	10.519	1600
37	72.0	1.658	10.654	1600
38	72.0	1.781	10.961	1600
39	72.0	1.588	10.378	1600
40	72.0	1.652	10.569	1600
41	72.0	2.021	9.729	1600
42	72.0	1.575	10.729	1600
43	72.0	1.691	10.685	1600
44	72.0	1.595	10.714	1600
45	72.0	1.593	10.631	1600
46	72.0	1.637	10.617	1600
47	72.0	1.627	10.513	1600
48	72.0	1.590	10.570	1600
49	72.0	1.682	10.663	1600
50	72.0	1.716	11.217	1600
51	72.0	1.588	10.234	1600
52	72.0	1.744	10.421	1600
53	72.0	1.970	11.442	1600
54	72.0	1.520	8.409	1600
55	72.0	1.790	11.425	1600
56	72.0	1.694	11.505	1600
57	72.0	1.883	11.050	1600
58	72.0	1.857	11.004	1600
59	72.0	1.197	5.738	1005
60	72.0	1.811	11.303	1600
61	72.0	1.782	11.629	1600
62	72.0	1.973	11.069	1600
63	72.0	1.794	10.795	1600
64	72.0	1.932	11.403	1600
65	72.0	1.807	11.381	1600
66	72.0	1.807	11.210	1600
67	72.0	1.650	10.886	1600
68	72.0	1.725	11.269	1600
69	72.0	1.626	10.969	1600
70	72.0	1.608	11.342	1600
71	72.0	1.644	10.700	1441
72	72.0	1.674	10.975	1600
73	72.0	1.644	11.017	1600
74	72.0	1.727	10.912	1600
75	72.0	1.755	11.054	1600
76	72.0	1.693	10.384	1600
77	72.0	1.721	10.694	1600
78	72.0	1.724	10.543	1600
79	72.0	1.724	11.343	1600
80	72.0	1.673	11.165	1600
81	72.0	1.777	11.246	1600
82	72.0	1.761	11.399	1600
83	72.0	1.723	11.137	1600
84	72.0	1.717	11.122	1600
85	72.0	1.659	11.218	1600
86	72.0	1.740	11.248	1600
87	72.0	1.618	11.413	1600
88	72.0	1.655	11.058	1600
89	72.0	1.474	7.212	1304
90	72.0	1.625	11.003	1600
91	72.0	1.704	10.866	1600
92	72.0	1.732	10.941	1600
93	72.0	1.743	10.993	1600
94	72.0	0.839	5.540	248
95	72.0	1.596	10.839	1600
96	72.0	1.600	10.920	1600
97	72.0	1.769	11.332	1600
98	72.0	0.435	2.931	196
99	72.0	1.671	11.069	1600
100	72.0	1.669	10.295	1600
101	72.0	1.683	10.791	1600
102	72.0	1.631	11.019	1600
103	72.0	1.730	11.207	1600
104	72.0	1.616	11.289	1600
105	72.0	1.853	11.446	1600
106	72.0	1.663	11.207	1600
107	72.0	1.693	10.844	1600
108	72.0	1.765	11.383	1600
109	72.0	1.624	10.948	1600
110	72.0	1.839	11.443	1600
111	72.0	1.686	11.226	1600
112	72.0	1.817	11.238	1600
113	72.0	1.747	10.861	1600
114	72.0	2.438	11.483	1600
115	72.0	1.595	10.853	1600
116	72.0	1.686	10.977	1600
117	72.0	1.550	10.933	1600
118	72.0	1.747	10.980	1600
119	72.0	1.648	11.147	1600
120	72.0	1.740	11.218	1600
121	72.0	1.553	10.902	1600
122	72.0	1.856	11.354	1600
123	72.0	1.722	10.897	1600
124	72.0	1.682	10.953	1600
125	72.0	1.677	11.289	1600
126	72.0	1.776	11.318	1600
127	72.0	1.746	11.245	1600
128	72.0	1.746	11.313	1600
129	72.0	1.697	11.211	1600
130	72.0	1.574	9.489	1600
131	72.0	0.221	2.609	0
132	72.0	1.683	10.901	1600
133	72.0	0.419	2.612	0
134	72.0	1.776	10.952	1600
135	72.0	1.859	11.134	1600
136	72.0	1.593	11.050	1600
137	72.0	1.786	11.134	1600
138	72.0	1.636	11.054	1600
139	72.0	1.572	10.950	1600
140	72.0	1.729	10.919	1600
141	72.0	1.597	10.997	1600
142	72.0	1.695	11.161	1600
143	72.0	1.612	11.201	1600
144	72.0	1.648	10.898	1600
145	72.0	1.746	10.928	1600
146	72.0	1.610	11.145	1600
147	72.0	1.703	10.935	1600
148	72.0	1.595	11.057	1600
149	72.0	1.697	10.910	1600
150	72.0	1.812	11.373	1600
151	72.0	1.601	10.853	1600
152	72.0	1.703	10.988	1600
153	72.0	1.701	11.239	1600
154	72.0	1.798	11.356	1600
155	72.0	1.659	10.966	1600
156	72.0	1.641	11.015	1600
157	72.0	1.637	10.953	1600
159	72.0	1.787	11.225	1600
160	72.0	2.212	11.403	1600
161	72.0	1.706	11.335	1600
162	72.0	6.164	9.024	1600
163	72.0	1.584	11.284	1600
164	72.0	1.705	11.287	1600
165	72.0	1.637	10.938	1600
166	72.0	1.617	10.911	1600
167	72.0	1.585	10.933	1600
168	72.0	1.675	11.165	1600
169	72.0	1.925	11.308	1600
170	72.0	1.740	11.057	1600
171	72.0	1.696	10.888	1600
172	72.0	1.576	10.979	1600
173	72.0	1.470	9.114	1228
174	72.0	1.598	10.896	1600
175	72.0	1.770	11.265	1600
176	72.0	1.770	10.899	1600
177	72.0	1.637	10.828	1600
178	72.0	1.635	11.230	1600
179	72.0	1.807	10.976	1600
180	72.0	1.569	11.020	1600
181	72.0	1.632	11.005	1600
182	72.0	1.657	11.010	1600
183	72.0	1.761	11.247	1600
184	72.0	1.662	10.884	1600
185	72.0	1.822	10.966	1600
186	72.0	1.575	9.909	1491
187	72.0	1.830	9.832	1600
188	72.0	1.657	11.120	1600
189	72.0	1.729	10.015	1449
190	72.0	0.420	2.985	104
191	72.0	1.749	11.036	1600
192	72.0	1.753	11.202	1600
193	72.0	1.877	11.358	1600
194	72.0	1.771	11.315	1600
195	72.0	2.085	6.350	1389
196	72.0	1.825	10.950	1600
197	72.0	1.693	11.339	1600
198	72.0	1.782	10.952	1600
199	72.0	1.752	10.938	1600
200	72.0	1.779	10.807	1600
201	72.0	1.696	11.173	1600
202	72.0	1.809	11.333	1600
203	72.0	1.548	10.211	1497
204	72.0	1.714	10.628	1600
205	72.0	1.718	10.676	1600
206	72.0	1.603	10.342	1600
207	72.0	1.730	10.446	1600
208	72.0	1.619	10.491	1600
209	72.0	1.632	10.612	1600
210	72.0	1.562	10.494	1600
211	72.0	1.595	10.471	1600
212	72.0	1.795	11.144	1600
213	72.0	1.733	11.007	1600
214	72.0	1.691	11.142	1600
215	72.0	0.915	4.255	448
216	72.0	0.240	2.608	0
217	72.0	1.795	11.390	1600
218	72.0	1.846	11.444	1600
219	72.0	0.215	2.608	0
220	72.0	0.249	2.608	0
221	72.0	0.222	2.609	0
222	72.0	1.663	11.035	1600
223	72.0	1.637	11.253	1600
224	72.0	1.697	11.290	1600
225	72.0	1.687	11.384	1600
226	72.0	0.529	3.223	196
227	72.0	2.066	10.434	1600
228	72.0	1.548	10.974	1600
229	72.0	1.428	6.057	944
230	72.0	1.007	4.828	656
231	72.0	0.567	3.244	288
232	72.0	1.083	5.429	860
233	72.0	1.844	11.357	1600
234	72.0	1.737	11.464	1600
235	72.0	1.743	10.933	1600
236	72.0	1.715	11.032	1600
237	72.0	1.635	10.989	1600
238	72.0	1.623	11.077	1600
239	72.0	1.658	11.006	1600
240	72.0	1.638	11.089	1600
241	72.0	1.614	11.034	1600
242	72.0	1.667	11.029	1600
243	72.0	1.710	10.990	1600
244	72.0	1.663	11.202	1600
245	72.0	1.689	11.548	1600
246	72.0	1.672	11.074	1600
247	72.0	1.615	8.836	1393
248	72.0	1.501	10.626	1465
249	72.0	1.441	9.772	1341
250	72.0	1.281	6.374	1044
251	72.0	1.875	8.261	1172
252	72.0	1.821	11.331	1589
253	72.0	1.712	11.051	1600
254	72.0	1.744	10.911	1577
255	72.0	1.792	10.963	1600
256	72.0	1.627	11.021	1600
257	72.0	1.710	11.079	1600
258	72.0	1.648	10.988	1600
259	72.0	1.602	11.018	1600
260	72.0	1.631	11.024	1600
261	72.0	1.753	11.057	1600
262	72.0	1.691	11.030	1600
263	72.0	1.627	11.009	1600
264	72.0	1.741	11.055	1600
265	72.0	1.682	11.071	1600
266	72.0	1.704	10.960	1600
267	72.0	1.737	11.041	1600
268	72.0	1.716	11.008	1600
269	72.0	1.778	10.898	1600
270	72.0	1.774	11.188	1600
271	72.0	1.623	10.819	1600
272	72.0	1.696	11.263	1600
273	72.0	1.735	11.394	1600
274	72.0	1.646	11.366	1600
275	72.0	1.583	10.996	1600
276	72.0	1.679	10.948	1600
277	72.0	1.588	11.008	1600
278	72.0	1.654	10.892	1600
279	72.0	1.581	10.895	1600
280	72.0	1.811	11.416	1600
281	72.0	1.676	11.175	1600
282	72.0	1.717	11.334	1600
283	72.0	1.667	10.958	1600
284	72.0	1.627	10.961	1600
285	72.0	1.702	11.031	1600
286	72.0	1.649	11.424	1600
287	72.0	1.733	11.415	1600
288	72.0	1.588	10.763	1565
289	72.0	1.656	10.670	1600
290	72.0	1.757	11.104	1600
291	72.0	1.698	11.002	1600
292	72.0	1.619	11.000	1600
293	72.0	1.637	10.662	1557
294	72.0	1.663	11.073	1600
295	72.0	1.643	10.962	1600
296	72.0	1.710	11.146	1600
297	72.0	1.757	11.084	1600
298	72.0	1.672	11.044	1600
299	72.0	1.762	11.005	1600
300	72.0	1.743	11.054	1600
301	72.0	1.629	11.050	1600
302	72.0	1.512	10.030	1417
303	72.0	1.689	10.853	1513
304	72.0	1.598	11.045	1600
305	72.0	1.655	11.080	1600
306	72.0	1.597	10.509	1525
307	72.0	1.559	10.921	1489
308	72.0	1.663	11.088	1600
309	72.0	1.828	10.989	1600
310	72.0	1.604	11.047	1600
311	72.0	1.724	11.079	1600
312	72.0	1.660	11.044	1600
313	72.0	1.737	11.056	1600
314	72.0	1.770	11.496	1600
315	72.0	1.694	11.009	1600
316	72.0	1.717	10.986	1600
317	72.0	1.643	10.927	1600
318	72.0	1.713	11.485	1600
319	72.0	0.568	3.194	204
320	72.0	1.676	11.139	1600
321	72.0	1.641	11.017	1600
322	72.0	1.776	11.028	1600
323	72.0	1.696	10.911	1600
324	72.0	1.832	10.960	1600
325	72.0	1.612	10.982	1600
326	72.0	1.881	10.919	1600
327	72.0	1.657	10.981	1600
328	72.0	1.639	10.973	1600
329	72.0	1.973	11.369	1600
330	72.0	1.852	10.948	1600
331	72.0	1.662	10.998	1600
332	72.0	1.697	10.993	1600
333	72.0	1.658	11.004	1600
334	72.0	1.660	10.897	1600
335	72.0	1.683	11.003	1600
336	72.0	1.731	10.870	1600
337	72.0	1.732	11.391	1600
338	72.0	1.693	10.937	1600
339	72.0	1.802	11.229	1600
340	72.0	1.840	11.318	1600
341	72.0	1.592	10.932	1600
342	72.0	1.681	10.889	1600
343	72.0	1.647	10.963	1600
344	72.0	1.733	10.941	1600
345	72.0	1.626	10.939	1600
346	72.0	1.874	10.928	1600
347	72.0	1.779	11.391	1600
348	72.0	1.776	10.930	1600
349	72.0	1.690	10.948	1600
350	72.0	1.711	10.861	1600
351	72.0	1.365	11.115	1600
352	72.0	1.846	11.229	1600
353	72.0	1.613	11.253	1600
354	72.0	1.992	10.971	1600
355	72.0	1.628	10.983	1600
356	72.0	1.686	11.346	1600
357	72.0	1.637	10.908	1600
358	72.0	1.668	10.979	1600
359	72.0	1.795	11.428	1600
360	72.0	1.279	10.966	1600
361	72.0	1.660	11.095	1600
362	72.0	1.744	11.195	1600
363	72.0	1.589	11.330	1600
364	72.0	1.643	10.976	1600
365	72.0	1.671	11.184	1600
366	72.0	1.668	11.145	1600
367	72.0	1.675	10.939	1600
368	72.0	0.577	3.424	432
369	72.0	1.639	11.487	1600
370	72.0	1.585	10.714	1600
371	72.0	1.684	11.199	1600
372	72.0	1.664	10.908	1600
373	72.0	1.760	10.914	1600
374	72.0	1.821	11.394	1600
375	72.0	1.614	10.929	1600
376	72.0	1.650	11.209	1600
377	72.0	1.757	11.078	1600
378	72.0	1.741	11.434	1600
379	72.0	1.676	10.997	1600
380	72.0	1.653	11.026	1597
381	72.0	1.735	11.086	1600
382	72.0	1.632	11.183	1600
383	72.0	1.694	11.051	1600
384	72.0	1.630	11.130	1600
385	72.0	1.657	11.191	1600
386	72.0	1.698	11.083	1600
387	72.0	1.601	11.054	1600
388	72.0	1.699	10.905	1600
389	72.0	1.747	11.405	1600
390	72.0	1.640	11.047	1600
391	72.0	1.676	11.318	1600
392	72.0	1.544	10.982	1600
393	72.0	1.631	10.983	1600
394	72.0	1.653	11.000	1600
395	72.0	1.654	10.665	1600
396	72.0	1.567	10.423	1600
397	72.0	1.580	10.565	1600
398	72.0	1.606	10.283	1600
399	72.0	1.581	10.487	1600
400	72.0	1.604	10.422	1600
401	72.0	1.745	10.656	1600
402	72.0	1.546	10.325	1600
403	72.0	1.798	11.323	1600
404	72.0	1.683	11.075	1600
405	72.0	1.671	11.150	1600
406	72.0	1.701	11.419	1600
407	72.0	1.688	11.063	1600
408	72.0	1.716	11.384	1600
409	72.0	1.721	11.007	1600
410	72.0	1.698	10.952	1600
411	72.0	1.764	11.400	1600
412	72.0	1.673	11.483	1600
413	72.0	1.800	11.002	1600
414	72.0	1.733	11.020	1600
415	72.0	1.776	11.024	1600
416	72.0	1.691	11.221	1600
417	72.0	1.598	10.905	1600
418	72.0	1.613	11.065	1600
419	72.0	1.813	11.327	1600
420	72.0	1.687	11.292	1600
421	72.0	1.733	10.922	1600
422	72.0	1.686	11.346	1600
423	72.0	1.741	10.974	1600
424	72.0	1.821	11.544	1600
425	72.0	1.841	11.535	1600
426	72.0	1.585	11.046	1600
427	72.0	1.803	11.012	1600
428	72.0	1.640	11.009	1600
429	72.0	1.638	10.988	1600
430	72.0	1.596	11.072	1600
431	72.0	1.797	11.435	1600
432	72.0	1.599	11.386	1600
433	72.0	1.612	11.353	1600
434	72.0	1.753	11.352	1600
435	72.0	1.636	10.954	1600
436	72.0	1.675	11.411	1600
437	72.0	1.608	10.989	1600
438	72.0	1.598	11.363	1600
439	72.0	1.744	11.395	1600
440	72.0	1.697	11.039	1600
441	72.0	1.747	11.044	1600
442	72.0	1.731	11.443	1600
443	72.0	1.649	10.982	1600
444	72.0	1.643	10.981	1600
445	72.0	1.702	11.008	1600
446	72.0	1.800	11.392	1600
447	72.0	1.700	11.215	1600
448	72.0	1.752	11.184	1600
449	72.0	1.650	11.157	1600
450	72.0	1.637	10.878	1600
451	72.0	1.639	10.311	1600
452	72.0	1.623	10.684	1600
453	72.0	1.780	10.952	1600
454	72.0	1.695	11.193	1600
455	72.0	1.782	11.313	1600
456	72.0	1.754	11.232	1600
457	72.0	1.747	10.900	1600
458	72.0	1.772	11.270	1600
459	72.0	1.749	10.927	1600
460	72.0	2.035	11.311	1600
461	72.0	1.731	11.338	1600
462	72.0	1.760	11.251	1600
463	72.0	1.858	10.979	1600
464	72.0	1.704	11.152	1600
465	72.0	1.782	10.885	1600
466	72.0	1.829	10.867	1600
467	72.0	1.940	11.390	1600
468	72.0	1.574	10.956	1600
469	72.0	1.647	10.951	1600
470	72.0	1.593	10.941	1600
471	72.0	1.700	10.947	1600
472	72.0	1.646	10.918	1600
473	72.0	1.761	11.230	1600
474	72.0	1.632	10.848	1600
475	72.0	1.842	11.445	1600
476	72.0	1.657	10.933	1600
477	72.0	1.686	10.989	1600
478	72.0	1.663	11.021	1600
479	72.0	1.694	10.975	1600
480	72.0	1.637	10.970	1600
481	72.0	1.609	11.049	1600
482	72.0	1.575	10.971	1600
483	72.0	1.731	11.226	1600
484	72.0	1.716	11.226	1600
485	72.0	1.729	11.238	1600
486	72.0	1.805	11.183	1600
487	72.0	1.885	11.261	1600
488	72.0	1.701	11.417	1600
489	72.0	1.994	11.271	1600
490	72.0	1.726	11.224	1600
491	72.0	1.696	11.333	1600
492	72.0	1.794	11.242	1600
493	72.0	1.692	11.257	1600
494	72.0	1.697	10.913	1600
495	72.0	1.627	11.048	1600
496	72.0	1.860	11.264	1600
497	72.0	1.755	11.376	1600
498	72.0	1.853	11.273	1600
499	72.0	1.775	11.367	1600
500	72.0	1.748	10.931	1600
501	72.0	1.799	11.221	1600
502	72.0	1.848	11.295	1600
503	72.0	1.793	11.247	1600
504	72.0	1.749	10.890	1600
505	72.0	1.809	11.416	1600
506	72.0	1.989	9.278	1537
507	72.0	1.768	11.089	1600
508	72.0	1.743	10.955	1600
509	72.0	1.763	11.366	1600
510	72.0	1.738	11.410	1600
511	72.0	1.783	11.258	1600
512	72.0	1.811	10.954	1600
513	72.0	1.857	11.234	1600
514	72.0	1.830	11.298	1600
515	72.0	1.786	11.410	1600
516	72.0	1.811	11.015	1600
517	72.0	1.702	11.038	1600
518	72.0	1.682	10.919	1593
519	72.0	1.814	11.073	1600
520	72.0	1.837	11.370	1600
521	72.0	1.683	11.100	1600
522	72.0	1.678	11.004	1600
523	72.0	1.709	11.011	1600
524	72.0	1.672	11.352	1600
525	72.0	1.684	9.337	1457
526	72.0	1.654	8.291	1188
527	72.0	1.513	8.758	1317
528	72.0	1.690	11.045	1600
529	72.0	1.726	10.983	1600
530	72.0	1.707	10.941	1600
531	72.0	1.769	11.256	1600
532	72.0	1.777	11.189	1600
533	72.0	1.760	11.254	1600
534	72.0	1.631	10.951	1600
535	72.0	1.808	10.946	1600
536	72.0	1.714	10.921	1600
537	72.0	1.796	10.910	1600
538	72.0	1.743	11.312	1600
539	72.0	1.661	11.239	1600
540	72.0	1.710	10.941	1600
541	72.0	1.688	11.389	1600
542	72.0	1.668	11.366	1600
543	72.0	1.807	10.930	1600
544	72.0	1.671	11.051	1600
545	72.0	1.813	11.381	1600
546	72.0	1.781	11.077	1600
547	72.0	1.634	11.310	1600
548	72.0	1.749	11.395	1600
549	72.0	1.599	10.968	1600
550	72.0	1.628	10.926	1600
551	72.0	1.902	11.377	1600
552	72.0	1.716	11.128	1600
553	72.0	1.861	10.902	1600
554	72.0	1.899	10.948	1600
555	72.0	1.675	11.007	1600
556	72.0	1.695	10.972	1600
557	72.0	1.668	11.050	1600
558	72.0	1.762	11.044	1600
559	72.0	1.674	11.077	1600
560	72.0	1.696	11.047	1600
561	72.0	1.563	11.012	1600
562	72.0	1.676	10.975	1600
563	72.0	1.761	11.380	1600
564	72.0	1.567	10.939	1600
565	72.0	1.880	11.010	1600
566	72.0	1.780	11.283	1600
567	72.0	1.663	11.262	1600
568	72.0	1.861	11.383	1600
569	72.0	1.807	11.382	1600
570	72.0	1.579	11.353	1600
571	72.0	1.692	10.969	1600
572	72.0	1.593	10.949	1600
573	72.0	1.904	11.118	1600
574	72.0	1.750	11.484	1600
575	72.0	1.715	11.363	1600
576	72.0	1.636	11.337	1600
577	72.0	1.664	10.980	1600
578	72.0	1.762	10.930	1600
579	72.0	1.596	11.162	1600
580	72.0	1.598	10.888	1600
581	72.0	1.671	11.000	1600
582	72.0	1.586	10.984	1600
583	72.0	1.628	11.006	1600
584	72.0	1.731	11.324	1600
585	72.0	1.654	11.343	1600
586	72.0	1.632	11.397	1600
587	72.0	1.621	10.986	1600
588	72.0	1.782	11.400	1600
589	72.0	1.555	10.933	1600
590	72.0	1.575	10.895	1600
591	72.0	1.640	10.969	1600
592	72.0	1.831	11.020	1600
593	72.0	1.666	10.930	1600
594	72.0	1.802	11.011	1600
595	72.0	1.860	11.391	1600
596	72.0	1.733	10.973	1600
597	72.0	1.712	11.005	1600
598	72.0	1.742	10.985	1600
599	72.0	1.668	11.022	1600
600	72.0	1.673	11.145	1600
601	72.0	1.722	11.288	1600
602	72.0	1.722	11.331	1600
603	72.0	1.774	10.961	1600
604	72.0	1.894	10.992	1600
605	72.0	1.818	11.426	1600
606	72.0	1.729	11.052	1600
607	72.0	1.783	11.462	1600
608	72.0	1.682	10.985	1600
609	72.0	0.400	2.943	76
610	72.0	1.632	10.924	1600
611	72.0	1.668	11.000	1600
612	72.0	1.620	10.968	1600
613	72.0	1.841	10.972	1600
614	72.0	1.601	10.955	1600
615	72.0	1.749	10.961	1600
616	72.0	1.870	10.981	1600
617	72.0	1.703	11.052	1600
618	72.0	1.685	11.064	1600
619	72.0	1.765	11.384	1600
620	72.0	1.757	11.406	1600
621	72.0	1.802	11.245	1600
622	72.0	1.729	11.261	1600
623	72.0	1.709	11.328	1600
624	72.0	1.604	10.949	1600
625	72.0	1.660	10.977	1600
626	72.0	1.745	11.417	1600
627	72.0	1.550	10.872	1600
628	72.0	1.876	11.312	1600
629	72.0	1.647	10.971	1600
630	72.0	1.712	10.897	1600
631	72.0	1.740	10.942	1600
632	72.0	1.836	11.225	1600
633	72.0	1.834	10.996	1600
634	72.0	1.670	10.992	1600
635	72.0	1.775	11.283	1600
636	72.0	1.836	11.314	1600
637	72.0	1.760	11.061	1600
638	72.0	1.745	11.320	1600
639	72.0	1.702	10.887	1600
640	72.0	1.699	10.896	1600
641	72.0	1.696	10.846	1600
642	72.0	1.709	10.917	1600
643	72.0	1.637	11.364	1600
644	72.0	1.620	10.928	1600
646	72.0	1.728	10.962	1600
647	72.0	1.719	10.887	1600
648	72.0	1.624	11.263	1600
649	72.0	1.619	10.962	1600
650	72.0	1.841	11.272	1600
651	72.0	1.618	10.899	1600
652	72.0	1.674	10.894	1600
653	72.0	1.614	10.909	1600
654	72.0	1.566	11.069	1600
655	72.0	1.568	10.938	1600
656	72.0	1.562	10.977	1600
657	72.0	1.646	11.328	1600
658	72.0	1.674	10.912	1600
659	72.0	1.707	11.027	1600
660	72.0	1.763	10.879	1600
661	72.0	1.577	11.409	1600
662	72.0	1.655	10.969	1600
663	72.0	1.724	11.336	1600
664	72.0	1.599	10.928	1600
665	72.0	1.590	11.292	1600
666	72.0	1.677	11.456	1600
667	72.0	1.633	11.007	1600
668	72.0	1.717	11.307	1600
669	72.0	1.642	10.965	1600
670	72.0	1.750	10.943	1600
671	72.0	1.710	11.050	1600
672	72.0	1.620	11.171	1600
673	72.0	1.631	11.093	1600
674	72.0	1.669	11.119	1600
675	72.0	1.585	11.082	1600
676	72.0	1.615	11.044	1600
677	72.0	1.640	11.009	1600
678	72.0	1.694	11.098	1600
679	72.0	1.586	11.087	1600
680	72.0	1.602	11.059	1600
681	72.0	1.686	11.118	1600
682	72.0	1.657	11.076	1600
683	72.0	1.688	11.188	1600
684	72.0	1.626	11.084	1600
685	72.0	1.585	11.098	1600
686	72.0	1.663	11.108	1600
687	72.0	1.547	11.003	1600
688	72.0	1.593	11.055	1600
689	72.0	1.565	11.068	1600
690	72.0	1.624	11.023	1600
691	72.0	1.603	10.986	1600
692	72.0	1.625	11.020	1600
693	72.0	1.569	11.012	1600
694	72.0	1.629	11.043	1600
695	72.0	1.590	11.095	1585
696	72.0	1.618	10.520	1541
697	72.0	1.576	10.491	1513
698	72.0	1.685	11.070	1600
699	72.0	1.632	11.364	1600
700	72.0	1.581	10.994	1600
701	72.0	1.594	11.117	1600
702	72.0	1.388	10.872	1600
703	72.0	1.670	11.320	1600
704	72.0	1.610	10.903	1600
705	72.0	1.681	11.382	1600
706	72.0	1.591	11.059	1600
707	72.0	1.640	11.067	1600
708	72.0	1.683	11.355	1600
709	72.0	1.607	11.031	1600
710	72.0	1.623	11.013	1600
711	72.0	1.775	11.438	1600
712	72.0	1.605	11.019	1600
713	72.0	1.634	11.038	1600
714	72.0	1.605	11.027	1600
715	72.0	1.604	11.053	1600
716	72.0	1.554	11.013	1600
717	72.0	1.704	11.018	1600
718	72.0	1.591	10.991	1600
719	72.0	1.594	9.289	1509
720	72.0	1.676	11.125	1600
721	72.0	1.632	11.088	1600
722	72.0	1.673	11.573	1600
723	72.0	1.678	11.180	1597
724	72.0	1.788	11.112	1600
725	72.0	1.592	11.068	1600
726	72.0	1.687	11.537	1600
727	72.0	1.673	10.994	1600
728	72.0	1.691	11.053	1600
729	72.0	1.720	11.031	1600
730	72.0	1.684	11.168	1577
731	72.0	1.778	11.558	1600
732	72.0	1.598	11.167	1600
733	72.0	1.753	11.149	1600
734	72.0	1.599	11.163	1600
735	72.0	1.677	10.989	1600
736	72.0	1.616	11.058	1600
737	72.0	1.619	11.177	1600
738	72.0	1.662	11.065	1600
739	72.0	1.631	11.149	1600
740	72.0	1.641	11.082	1600
741	72.0	1.644	10.717	1600
742	72.0	1.714	11.221	1600
743	72.0	1.850	11.469	1600
744	72.0	1.752	10.927	1600
745	72.0	1.689	11.101	1600
746	72.0	1.636	10.967	1600
747	72.0	1.687	11.047	1600
748	72.0	1.753	11.035	1600
749	72.0	1.577	10.921	1600
750	72.0	1.593	11.048	1600
751	72.0	1.798	11.482	1600
752	72.0	1.681	11.405	1600
753	72.0	1.721	11.047	1600
754	72.0	1.566	10.999	1600
755	72.0	1.650	11.034	1600
756	72.0	1.744	11.046	1600
757	72.0	1.662	11.049	1600
758	72.0	1.706	11.134	1600
759	72.0	1.773	11.109	1600
760	72.0	1.364	7.404	1028
761	72.0	1.768	11.305	1600
762	72.0	1.804	11.472	1600
763	72.0	1.837	11.438	1600
764	72.0	1.726	11.283	1600
765	72.0	1.724	11.435	1600
766	72.0	1.957	11.182	1600
767	72.0	1.721	10.993	1600
768	72.0	1.775	11.051	1600
769	72.0	1.662	10.988	1600
770	72.0	1.724	11.053	1600
771	72.0	1.754	11.061	1600
772	72.0	0.231	2.608	0
773	72.0	1.609	10.956	1600
774	72.0	1.646	10.954	1600
775	72.0	1.654	11.024	1600
776	72.0	1.563	11.067	1600
777	72.0	1.593	11.022	1600
778	72.0	1.599	11.051	1600
779	72.0	1.581	11.059	1600
780	72.0	1.623	11.047	1600
781	72.0	1.626	11.082	1600
782	72.0	1.565	11.024	1600
783	72.0	1.621	11.095	1600
784	72.0	1.745	11.450	1600
785	72.0	1.726	11.068	1600
786	72.0	1.559	10.995	1600
787	72.0	1.812	11.252	1600
788	72.0	1.682	11.324	1600
789	72.0	1.596	11.022	1600
790	72.0	1.688	11.433	1600
791	72.0	1.681	11.003	1600
792	72.0	1.824	11.405	1600
793	72.0	1.675	10.989	1600
794	72.0	1.703	11.022	1600
795	72.0	1.630	10.965	1600
796	72.0	1.626	10.949	1600
797	72.0	1.642	11.000	1600
798	72.0	1.673	10.899	1600
799	72.0	1.670	11.023	1600
800	72.0	1.657	10.901	1600
801	72.0	1.640	10.992	1600
802	72.0	1.683	11.034	1600
803	72.0	1.716	10.972	1600
804	72.0	1.706	10.979	1600
805	72.0	1.596	10.943	1600
806	72.0	1.690	10.984	1600
807	72.0	1.644	10.840	1600
808	72.0	1.752	11.312	1600
809	72.0	1.800	11.100	1600
810	72.0	1.637	11.069	1600
811	72.0	1.749	11.428	1600
812	72.0	1.646	10.454	1549
813	72.0	1.655	11.332	1593
814	72.0	1.640	10.781	1577
815	72.0	1.584	11.016	1600
816	72.0	1.706	11.071	1600
817	72.0	1.602	11.097	1600
818	72.0	1.647	11.016	1600
819	72.0	1.650	10.750	1600
820	72.0	1.581	11.049	1600
821	72.0	1.648	11.209	1600
822	72.0	1.738	11.005	1600
823	72.0	1.720	11.419	1600
824	72.0	1.630	11.000	1600
825	72.0	1.630	10.948	1600
826	72.0	1.658	10.988	1600
827	72.0	1.581	11.005	1600
828	72.0	1.618	10.917	1600
829	72.0	1.833	11.090	1600
830	72.0	1.707	11.166	1600
831	72.0	1.684	10.989	1600
832	72.0	1.772	11.457	1600
833	72.0	1.770	11.531	1600
834	72.0	1.585	10.985	1600
835	72.0	1.645	11.070	1600
836	72.0	1.572	10.958	1600
837	72.0	1.710	11.040	1600
838	72.0	1.560	10.964	1600
839	72.0	1.648	11.054	1600
840	72.0	1.636	11.036	1600
841	72.0	1.740	11.049	1600
842	72.0	1.596	10.921	1600
843	72.0	1.618	11.138	1600
844	72.0	1.657	11.035	1600
845	72.0	1.711	11.112	1600
846	72.0	1.602	10.999	1600
847	72.0	1.685	11.109	1600
848	72.0	1.683	11.051	1600
849	72.0	1.656	11.080	1600
850	72.0	1.636	11.053	1600
851	72.0	1.770	11.287	1600
852	72.0	1.622	11.034	1600
853	72.0	1.644	11.410	1600
854	72.0	1.667	11.073	1600
855	72.0	1.634	11.111	1600
856	72.0	1.613	11.004	1600
857	72.0	1.664	11.279	1600
858	72.0	1.594	10.966	1600
859	72.0	1.654	11.017	1600
860	72.0	1.585	11.025	1600
861	72.0	1.685	11.055	1600
862	72.0	1.591	11.089	1600
863	72.0	1.672	11.112	1600
864	72.0	1.573	10.966	1600
865	72.0	1.761	11.072	1600
866	72.0	1.620	11.334	1600
867	72.0	1.596	11.052	1600
868	72.0	1.676	10.952	1600
869	72.0	1.647	11.132	1600
870	72.0	1.601	11.015	1600
871	72.0	1.725	11.009	1600
872	72.0	1.630	11.131	1600
873	72.0	1.752	11.202	1600
874	72.0	1.736	11.244	1600
875	72.0	1.741	11.419	1600
876	72.0	1.705	11.372	1597
877	72.0	1.626	10.999	1600
878	72.0	1.670	11.422	1600
879	72.0	1.762	11.059	1600
880	72.0	0.199	2.609	0
881	72.0	1.681	11.080	1600
882	72.0	1.841	10.999	1600
883	72.0	1.684	11.307	1600
884	72.0	1.744	11.234	1600
885	72.0	1.759	10.894	1600
886	72.0	1.786	11.299	1600
887	72.0	1.687	10.909	1600
888	72.0	1.755	11.381	1600
889	72.0	1.732	11.417	1600
890	72.0	1.792	10.969	1600
891	72.0	1.674	11.396	1600
892	72.0	1.635	10.982	1600
893	72.0	1.951	11.672	1600
894	72.0	1.817	11.064	1600
895	72.0	1.800	10.883	1600
896	72.0	1.620	10.844	1600
897	72.0	1.716	11.369	1600
898	72.0	1.683	10.894	1600
899	72.0	1.679	10.978	1376
900	72.0	0.357	2.613	0
901	72.0	0.922	4.484	604
902	72.0	1.774	11.015	1600
903	72.0	1.736	11.069	1600
904	72.0	1.686	10.949	1600
905	72.0	1.673	10.913	1600
906	72.0	1.741	11.073	1600
907	72.0	1.610	10.938	1600
908	72.0	1.753	11.440	1600
909	72.0	1.717	10.839	1600
910	72.0	1.772	11.347	1600
911	72.0	1.659	10.936	1600
912	72.0	1.776	11.245	1600
913	72.0	1.625	10.827	1600
914	72.0	1.869	11.471	1600
915	72.0	1.758	11.330	1600
916	72.0	1.750	11.394	1600
917	72.0	1.802	6.176	1361
918	72.0	1.763	10.986	1600
919	72.0	1.564	11.020	1600
920	72.0	1.720	10.925	1600
921	72.0	1.602	11.019	1600
922	72.0	0.206	2.608	0
923	72.0	1.639	11.043	1600
924	72.0	0.223	2.609	0
925	72.0	1.690	10.479	1600
926	72.0	1.872	10.970	1600
927	72.0	1.797	10.707	1600
928	72.0	1.789	11.268	1600
929	72.0	1.823	11.305	1600
930	72.0	1.722	11.194	1600
931	72.0	0.408	2.872	60
932	72.0	1.595	10.600	1573
933	72.0	0.855	5.999	172
934	72.0	1.610	11.065	1600
935	72.0	1.644	11.180	1600
936	72.0	1.656	11.147	1600
937	72.0	1.819	11.174	1600
938	72.0	1.601	11.049	1600
939	72.0	1.668	11.148	1600
940	72.0	1.652	11.171	1600
941	72.0	1.757	11.114	1600
942	72.0	1.747	11.137	1593
943	72.0	1.655	11.079	1600
944	72.0	1.660	11.047	1600
945	72.0	1.928	11.040	1600
946	72.0	1.778	10.598	1600
947	72.0	1.951	6.784	1140
948	72.0	1.704	11.483	1600
949	72.0	1.685	11.525	1600
950	72.0	1.752	11.009	1600
951	72.0	1.690	11.033	1600
952	72.0	1.598	10.271	1480
953	72.0	1.931	11.133	1600
954	72.0	1.656	11.091	1600
955	72.0	1.691	10.800	1600
956	72.0	1.619	11.291	1600
957	72.0	1.798	11.019	1600
958	72.0	1.721	11.213	1600
959	72.0	1.838	11.293	1600
960	72.0	1.673	11.133	1600
961	72.0	1.623	11.134	1600
962	72.0	1.785	10.910	1600
963	72.0	1.615	11.275	1600
964	72.0	1.624	11.260	1600
965	72.0	1.689	10.975	1600
966	72.0	1.786	11.002	1600
967	72.0	1.687	10.965	1600
968	72.0	1.764	10.984	1600
969	72.0	1.631	10.882	1600
970	72.0	1.842	11.205	1600
971	72.0	1.575	10.911	1600
972	72.0	1.789	10.939	1600
973	72.0	1.794	10.995	1600
974	72.0	1.625	10.963	1600
975	72.0	1.595	11.001	1600
976	72.0	1.713	10.909	1600
977	72.0	1.639	11.417	1600
978	72.0	1.753	10.761	1600
979	72.0	1.873	11.255	1600
980	72.0	1.542	11.270	1600
981	72.0	1.575	10.952	1600
982	72.0	1.593	10.943	1600
983	72.0	1.607	11.003	1600
984	72.0	1.582	11.000	1600
985	72.0	1.704	10.937	1600
986	72.0	1.661	11.401	1600
987	72.0	1.661	11.029	1600
988	72.0	1.618	11.041	1600
989	72.0	1.644	10.850	1600
990	72.0	1.830	11.187	1600
991	72.0	1.688	11.131	1600
992	72.0	1.740	11.577	1600
993	72.0	1.604	10.233	1600
994	72.0	1.926	10.290	1600
995	72.0	1.693	10.231	1600
996	72.0	1.673	10.234	1600
997	72.0	1.717	10.288	1600
998	72.0	1.716	10.245	1600
999	72.0	1.791	10.188	1600
1000	72.0	1.756	10.607	1600
1001	72.0	1.628	10.628	1600
1002	72.0	1.797	10.692	1600
1003	72.0	1.567	10.258	1600
1004	72.0	1.614	10.615	1600
1005	72.0	1.652	10.750	1600
1006	72.0	1.598	10.666	1600
1007	72.0	1.644	10.300	1600
1008	72.0	1.794	10.760	1600
1009	72.0	1.731	10.677	1600
1010	72.0	1.756	10.665	1600
1011	72.0	1.836	10.739	1600
1012	72.0	1.689	10.325	1600
1013	72.0	1.595	10.743	1600
1014	72.0	1.673	10.706	1600
1015	72.0	1.640	10.794	1600
1016	72.0	1.633	10.697	1600
1017	72.0	1.536	10.368	1600
1018	72.0	1.675	10.739	1600
1019	72.0	1.664	10.782	1600
1020	72.0	1.535	10.286	1600
1021	72.0	1.694	10.821	1600
1022	72.0	1.596	10.339	1600
1023	72.0	1.581	10.327	1600
1024	72.0	1.658	10.331	1600
1025	72.0	1.644	10.328	1600
1026	72.0	1.868	10.773	1600
1027	72.0	1.723	10.725	1600
1028	72.0	1.686	10.316	1600
1029	72.0	1.891	10.790	1600
1030	72.0	1.719	10.770	1600
1031	72.0	1.637	10.684	1600
1032	72.0	1.700	10.738	1600
1033	72.0	1.649	10.703	1600
1034	72.0	1.734	10.718	1600
1035	72.0	1.617	10.683	1600
1036	72.0	1.637	10.679	1600
1037	72.0	1.569	10.307	1600
1038	72.0	1.615	10.626	1600
1039	72.0	1.798	10.760	1600
1040	72.0	1.678	10.695	1600
1041	72.0	1.615	10.296	1600
1042	72.0	1.681	10.907	1600
1043	72.0	1.704	10.657	1600
1044	72.0	1.765	10.720	1600
1045	72.0	1.775	10.777	1600
1046	72.0	1.682	10.336	1600
1047	72.0	1.628	10.695	1600
1048	72.0	1.662	10.712	1600
1049	72.0	1.720	10.792	1600
1050	72.0	1.600	10.313	1600
1051	72.0	1.676	10.365	1600
1052	72.0	1.605	10.332	1600
1053	72.0	1.742	10.711	1600
1054	72.0	1.824	10.793	1600
1055	72.0	1.615	10.364	1600
1056	72.0	1.734	10.786	1600
1057	72.0	1.643	10.769	1600
1058	72.0	1.707	10.761	1600
1059	72.0	1.839	10.704	1600
1060	72.0	1.656	10.778	1600
1061	72.0	1.712	10.776	1600
1062	72.0	1.764	10.815	1600
1063	72.0	1.769	11.026	1600
1064	72.0	1.805	11.020	1600
1065	72.0	1.701	10.626	1600
1066	72.0	1.664	10.743	1600
1067	72.0	1.665	10.716	1600
1068	72.0	1.588	10.766	1600
1069	72.0	1.793	10.359	1600
1070	72.0	1.730	10.807	1600
1071	72.0	1.715	10.759	1600
1072	72.0	1.722	10.770	1600
1073	72.0	1.762	10.793	1600
1074	72.0	1.683	10.795	1600
1075	72.0	1.617	10.389	1600
1076	72.0	1.889	10.798	1600
1077	72.0	1.665	10.756	1600
1078	72.0	1.615	10.413	1600
1079	72.0	1.684	10.388	1600
