# секунда	частота	CPU мс	GPU мс	draw calls	клок GPU Гц	unix_время
0	90.0	0.911	6.978	800	-1	1789437292.833
1	90.0	0.823	6.496	800	-1	1789437293.834
2	90.0	0.873	6.501	800	-1	1789437294.834
3	90.0	0.823	6.665	800	-1	1789437295.834
4	90.0	0.874	8.209	800	-1	1789437296.844
5	90.0	0.781	7.543	800	-1	1789437297.845
6	90.0	0.920	6.540	800	-1	1789437298.845
7	90.0	0.820	8.265	800	-1	1789437299.856
8	90.0	0.799	7.906	800	-1	1789437300.856
9	90.0	0.791	8.061	800	-1	1789437301.856
10	90.0	0.815	8.044	800	-1	1789437302.857
11	90.0	0.788	6.824	800	-1	1789437303.857
12	90.0	0.836	8.176	800	-1	1789437304.868
13	90.0	0.806	6.615	800	-1	1789437305.869
14	90.0	0.829	6.644	800	-1	1789437306.869
15	90.0	0.701	7.492	800	-1	1789437307.868
16	90.0	0.829	7.755	800	-1	1789437308.868
17	90.0	0.778	6.563	800	-1	1789437309.869
18	90.0	0.774	6.527	800	-1	1789437310.869
19	90.0	0.788	6.588	800	-1	1789437311.880
20	90.0	0.780	6.526	800	-1	1789437312.880
21	90.0	0.864	7.612	800	-1	1789437313.880
22	90.0	0.813	6.581	800	-1	1789437314.880
23	90.0	0.800	7.875	800	-1	1789437315.879
24	90.0	0.697	7.617	800	-1	1789437316.880
25	90.0	0.911	8.181	800	-1	1789437317.891
26	90.0	0.939	7.835	800	-1	1789437318.891
27	90.0	0.701	6.643	800	-1	1789437319.891
28	90.0	0.781	6.651	800	-1	1789437320.892
29	90.0	0.885	8.178	800	-1	1789437321.902
30	90.0	0.848	7.846	800	-1	1789437322.902
31	90.0	0.886	8.258	800	-1	1789437323.903
32	90.0	0.894	6.529	800	-1	1789437324.903
33	90.0	0.866	6.952	800	-1	1789437325.903
34	90.0	0.827	6.613	800	-1	1789437326.904
35	90.0	0.996	8.000	800	-1	1789437327.913
36	90.0	0.739	8.206	800	-1	1789437328.914
37	90.0	0.822	7.974	800	-1	1789437329.914
38	90.0	0.818	7.007	800	-1	1789437330.914
39	90.0	0.941	7.704	800	-1	1789437331.914
40	90.0	0.840	8.146	800	-1	1789437332.914
41	90.0	0.817	7.673	800	-1	1789437333.914
42	90.0	0.834	8.206	800	-1	1789437334.914
43	90.0	0.834	6.507	800	-1	1789437335.915
44	90.0	0.867	8.050	800	-1	1789437336.926
45	90.0	0.880	8.001	800	-1	1789437337.927
46	90.0	1.008	6.937	800	-1	1789437338.926
47	90.0	0.896	7.611	800	-1	1789437339.926
48	90.0	0.865	7.596	800	-1	1789437340.926
49	90.0	0.853	7.929	800	-1	1789437341.926
50	90.0	0.796	8.168	800	-1	1789437342.926
51	90.0	0.912	7.675	800	-1	1789437343.926
52	90.0	0.785	6.653	800	-1	1789437344.927
53	90.0	0.914	7.677	800	-1	1789437345.927
54	90.0	0.790	6.514	800	-1	1789437346.927
55	90.0	0.818	7.017	800	-1	1789437347.927
56	90.0	0.747	6.713	800	-1	1789437348.927
57	90.0	0.769	8.044	800	-1	1789437349.927
58	90.0	0.616	7.385	800	-1	1789437350.927
59	90.0	0.784	7.765	800	-1	1789437351.928
60	90.0	0.782	8.211	800	-1	1789437352.927
61	90.0	0.774	7.637	800	-1	1789437353.928
62	90.0	0.784	7.644	800	-1	1789437354.927
63	90.0	0.805	8.004	800	-1	1789437355.927
64	90.0	0.749	8.543	800	-1	1789437356.938
65	90.0	0.790	8.200	800	-1	1789437357.939
66	90.0	0.795	8.403	800	-1	1789437358.939
67	90.0	0.799	7.561	800	-1	1789437359.939
68	90.0	0.974	8.579	800	-1	1789437360.949
69	90.0	0.871	6.471	800	-1	1789437361.950
70	90.0	0.677	6.510	800	-1	1789437362.951
71	90.0	0.807	6.673	800	-1	1789437363.951
72	90.0	0.745	7.775	800	-1	1789437364.951
73	90.0	0.687	6.520	800	-1	1789437365.950
74	90.0	0.779	6.510	800	-1	1789437366.951
75	90.0	0.850	6.675	800	-1	1789437367.951
76	90.0	0.843	6.536	800	-1	1789437368.962
77	90.0	0.826	6.648	800	-1	1789437369.963
78	90.0	0.822	6.659	800	-1	1789437370.963
79	90.0	0.792	6.704	800	-1	1789437371.974
80	90.0	0.776	6.966	800	-1	1789437372.973
81	90.0	0.858	7.744	800	-1	1789437373.973
82	90.0	0.897	6.792	800	-1	1789437374.974
83	90.0	0.798	6.637	800	-1	1789437375.974
84	90.0	0.766	6.581	800	-1	1789437376.974
85	90.0	0.769	6.753	800	-1	1789437377.974
86	90.0	0.778	6.836	800	-1	1789437378.974
87	90.0	0.922	6.508	800	-1	1789437379.985
88	90.0	0.819	6.894	800	-1	1789437380.985
89	90.0	1.017	6.763	800	-1	1789437381.996
90	90.0	0.841	8.049	800	-1	1789437383.007
91	90.0	0.728	7.663	800	-1	1789437384.007
92	90.0	0.856	6.639	800	-1	1789437385.008
93	90.0	0.791	8.333	800	-1	1789437386.018
94	90.0	0.830	8.304	800	-1	1789437387.018
95	90.0	0.857	8.477	800	-1	1789437388.019
96	90.0	0.833	6.770	800	-1	1789437389.019
97	90.0	0.829	6.555	800	-1	1789437390.030
98	90.0	0.901	6.534	800	-1	1789437391.031
99	90.0	0.896	6.934	800	-1	1789437392.030
100	90.0	0.742	6.588	800	-1	1789437393.031
101	90.0	0.864	6.486	800	-1	1789437394.042
102	90.0	0.855	6.507	800	-1	1789437395.043
103	90.0	0.758	7.723	800	-1	1789437396.052
104	90.0	0.875	6.961	800	-1	1789437397.053
105	90.0	0.849	6.842	800	-1	1789437398.053
106	90.0	0.681	7.747	800	-1	1789437399.065
107	90.0	0.799	7.832	800	-1	1789437400.075
108	90.0	0.861	8.068	800	-1	1789437401.075
109	90.0	0.953	6.909	800	-1	1789437402.075
110	90.0	0.936	8.234	800	-1	1789437403.075
111	90.0	1.141	8.017	800	-1	1789437404.086
112	90.0	0.821	6.582	800	-1	1789437405.087
113	90.0	0.802	6.677	800	-1	1789437406.087
114	90.0	0.781	8.193	800	-1	1789437407.097
115	90.0	0.924	7.149	800	-1	1789437408.098
116	90.0	0.857	6.918	800	-1	1789437409.098
117	90.0	0.702	6.674	800	-1	1789437410.099
118	90.0	0.807	6.856	800	-1	1789437411.110
119	90.0	0.820	6.821	800	-1	1789437412.110
120	90.0	0.759	7.723	800	-1	1789437413.110
121	90.0	0.837	6.557	800	-1	1789437414.110
122	90.0	0.815	8.179	800	-1	1789437415.120
123	90.0	0.743	7.657	800	-1	1789437416.121
124	90.0	0.771	8.328	800	-1	1789437417.121
125	90.0	0.787	7.903	800	-1	1789437418.121
126	90.0	0.764	6.715	800	-1	1789437419.122
127	90.0	0.779	6.512	800	-1	1789437420.122
128	90.0	0.872	6.938	800	-1	1789437421.121
129	90.0	0.728	7.782	800	-1	1789437422.122
130	90.0	0.781	7.959	800	-1	1789437423.122
131	90.0	0.775	8.113	800	-1	1789437424.121
132	90.0	0.993	8.209	800	-1	1789437425.132
133	90.0	0.890	8.443	800	-1	1789437426.133
134	90.0	0.837	8.149	800	-1	1789437427.133
135	90.0	0.864	8.151	800	-1	1789437428.132
136	90.0	0.906	7.832	800	-1	1789437429.133
137	90.0	0.888	7.757	800	-1	1789437430.133
138	90.0	0.782	8.251	800	-1	1789437431.133
139	90.0	0.895	7.096	800	-1	1789437432.133
140	90.0	0.785	7.988	800	-1	1789437433.134
141	90.0	0.971	7.013	800	-1	1789437434.133
142	90.0	0.777	7.662	800	-1	1789437435.134
143	90.0	0.789	7.820	800	-1	1789437436.134
144	90.0	0.806	8.379	800	-1	1789437437.134
145	90.0	0.770	8.447	800	-1	1789437438.134
146	90.0	0.807	8.288	800	-1	1789437439.134
147	90.0	0.802	8.460	800	-1	1789437440.134
148	90.0	0.755	8.133	800	-1	1789437441.134
149	90.0	0.798	8.071	800	-1	1789437442.134
150	90.0	0.907	6.647	800	-1	1789437443.135
151	90.0	0.798	6.789	800	-1	1789437444.134
152	90.0	0.829	6.902	800	-1	1789437445.135
153	90.0	0.850	8.496	800	-1	1789437446.145
154	90.0	0.682	6.810	800	-1	1789437447.146
155	90.0	0.864	6.859	800	-1	1789437448.146
156	90.0	0.816	6.468	800	-1	1789437449.147
157	90.0	0.775	6.522	800	-1	1789437450.147
158	90.0	0.833	6.475	800	-1	1789437451.147
159	90.0	1.153	6.830	800	-1	1789437452.147
160	90.0	1.174	6.859	800	-1	1789437453.147
161	90.0	0.844	6.788	800	-1	1789437454.147
162	90.0	0.790	6.525	800	-1	1789437455.147
163	90.0	1.006	6.837	800	-1	1789437456.147
164	90.0	0.809	6.480	800	-1	1789437457.147
165	90.0	0.956	6.831	800	-1	1789437458.147
166	90.0	0.752	6.477	800	-1	1789437459.147
167	90.0	0.958	6.860	800	-1	1789437460.147
168	90.0	0.810	6.777	800	-1	1789437461.147
169	90.0	0.819	6.478	800	-1	1789437462.148
170	90.0	0.804	6.463	800	-1	1789437463.148
171	90.0	0.803	6.783	800	-1	1789437464.148
172	90.0	0.803	6.792	800	-1	1789437465.148
173	90.0	0.835	6.478	800	-1	1789437466.148
174	90.0	0.845	6.523	800	-1	1789437467.148
175	90.0	0.855	6.461	800	-1	1789437468.159
176	90.0	0.831	6.474	800	-1	1789437469.159
177	90.0	0.798	6.462	800	-1	1789437470.159
178	90.0	0.875	6.452	800	-1	1789437471.159
179	90.0	0.828	6.500	800	-1	1789437472.159
180	90.0	0.822	6.480	800	-1	1789437473.159
181	90.0	0.903	6.454	800	-1	1789437474.159
182	90.0	0.879	6.474	800	-1	1789437475.160
183	90.0	0.740	6.508	800	-1	1789437476.160
184	90.0	0.825	6.444	800	-1	1789437477.160
185	90.0	0.789	6.462	800	-1	1789437478.160
186	90.0	1.026	6.820	800	-1	1789437479.160
187	90.0	0.824	6.435	800	-1	1789437480.160
188	90.0	0.775	6.447	800	-1	1789437481.160
189	90.0	0.801	6.524	800	-1	1789437482.171
190	90.0	0.785	6.464	800	-1	1789437483.172
191	90.0	0.760	6.479	800	-1	1789437484.172
192	90.0	0.684	6.464	800	-1	1789437485.172
193	90.0	0.820	6.900	800	-1	1789437486.183
194	90.0	1.057	6.924	800	-1	1789437487.183
195	90.0	0.837	6.470	800	-1	1789437488.193
196	90.0	0.724	6.505	800	-1	1789437489.194
197	90.0	0.872	6.802	800	-1	1789437490.194
198	90.0	1.056	6.837	800	-1	1789437491.194
199	90.0	0.802	6.464	800	-1	1789437492.194
200	90.0	0.705	6.506	800	-1	1789437493.194
201	90.0	0.800	6.462	800	-1	1789437494.194
202	90.0	0.676	7.662	800	-1	1789437495.194
203	90.0	1.023	6.845	800	-1	1789437496.194
204	90.0	1.249	6.811	800	-1	1789437497.194
205	90.0	0.830	6.761	800	-1	1789437498.195
206	90.0	0.808	6.496	800	-1	1789437499.195
207	90.0	0.856	6.460	800	-1	1789437500.206
208	90.0	1.138	6.845	800	-1	1789437501.206
209	90.0	0.813	6.770	800	-1	1789437502.206
210	90.0	0.803	6.445	800	-1	1789437503.207
211	90.0	0.797	6.770	800	-1	1789437504.207
212	90.0	0.827	6.462	800	-1	1789437505.207
213	90.0	0.935	6.467	800	-1	1789437506.207
214	90.0	0.713	7.649	800	-1	1789437507.207
215	90.0	0.793	6.456	800	-1	1789437508.207
216	90.0	0.789	6.576	800	-1	1789437509.218
217	90.0	0.716	6.789	800	-1	1789437510.218
218	90.0	0.814	6.479	800	-1	1789437511.218
219	90.0	0.778	6.523	800	-1	1789437512.218
220	90.0	0.776	6.920	800	-1	1789437513.218
221	90.0	0.828	6.498	800	-1	1789437514.219
222	90.0	0.798	6.499	800	-1	1789437515.219
223	90.0	0.714	6.515	800	-1	1789437516.219
224	90.0	0.792	6.536	800	-1	1789437517.219
225	90.0	1.256	6.876	800	-1	1789437518.229
226	90.0	0.878	6.824	800	-1	1789437519.229
227	90.0	1.203	6.846	800	-1	1789437520.229
228	90.0	0.889	6.766	800	-1	1789437521.229
229	90.0	1.081	6.874	800	-1	1789437522.230
230	90.0	0.845	6.447	800	-1	1789437523.241
231	90.0	0.789	6.437	800	-1	1789437524.241
232	90.0	0.839	6.796	800	-1	1789437525.241
233	90.0	0.856	6.432	800	-1	1789437526.242
234	90.0	0.774	6.420	800	-1	1789437527.242
235	90.0	0.795	6.758	800	-1	1789437528.242
236	90.0	0.782	6.462	800	-1	1789437529.242
237	90.0	0.780	6.487	800	-1	1789437530.242
238	90.0	0.778	6.531	800	-1	1789437531.242
239	90.0	0.796	6.441	800	-1	1789437532.242
240	90.0	0.866	6.502	800	-1	1789437533.242
241	90.0	0.830	6.442	800	-1	1789437534.242
242	90.0	0.972	6.821	800	-1	1789437535.242
243	90.0	0.735	8.041	800	-1	1789437536.242
244	90.0	0.830	6.441	800	-1	1789437537.243
245	90.0	0.893	6.791	800	-1	1789437538.242
246	90.0	0.877	6.467	800	-1	1789437539.243
247	90.0	0.888	6.468	800	-1	1789437540.243
248	90.0	0.820	6.476	800	-1	1789437541.254
249	90.0	0.768	6.444	800	-1	1789437542.254
250	90.0	0.908	6.884	800	-1	1789437543.265
251	90.0	0.859	6.541	800	-1	1789437544.265
252	90.0	0.899	6.447	800	-1	1789437545.277
253	90.0	1.198	6.830	800	-1	1789437546.276
254	90.0	0.760	6.495	800	-1	1789437547.276
255	90.0	1.031	6.795	800	-1	1789437548.276
256	90.0	0.811	6.768	800	-1	1789437549.276
257	90.0	0.709	6.491	800	-1	1789437550.278
258	90.0	0.812	6.455	800	-1	1789437551.288
259	90.0	0.585	7.826	800	-1	1789437552.299
260	90.0	0.821	6.468	800	-1	1789437553.310
261	90.0	0.849	6.466	800	-1	1789437554.310
262	90.0	0.820	6.790	800	-1	1789437555.310
263	90.0	0.842	6.778	800	-1	1789437556.311
264	90.0	0.813	6.800	800	-1	1789437557.311
265	90.0	0.798	6.883	800	-1	1789437558.311
266	90.0	0.875	6.816	800	-1	1789437559.311
267	90.0	0.785	6.475	800	-1	1789437560.322
268	90.0	0.735	6.510	800	-1	1789437561.322
270	90.0	0.823	6.482	800	-1	1789437562.333
271	90.0	0.780	6.805	800	-1	1789437563.333
272	90.0	0.933	6.494	800	-1	1789437564.333
273	90.0	0.775	6.458	800	-1	1789437565.334
274	90.0	0.799	6.437	800	-1	1789437566.334
275	90.0	1.378	6.933	800	-1	1789437567.345
276	90.0	0.854	6.855	800	-1	1789437568.345
277	90.0	0.917	6.552	800	-1	1789437569.345
278	90.0	0.811	6.864	800	-1	1789437570.345
279	90.0	1.172	6.883	800	-1	1789437571.345
280	90.0	0.819	6.499	800	-1	1789437572.345
281	90.0	0.822	6.813	800	-1	1789437573.356
282	90.0	1.603	6.171	800	-1	1789437574.357
283	90.0	0.889	6.803	800	-1	1789437575.356
284	90.0	0.815	6.452	800	-1	1789437576.357
285	90.0	0.814	6.774	800	-1	1789437577.356
286	90.0	0.814	6.780	800	-1	1789437578.357
287	90.0	0.808	6.456	800	-1	1789437579.357
288	90.0	0.793	6.450	800	-1	1789437580.357
289	90.0	0.810	6.448	800	-1	1789437581.356
290	90.0	0.805	6.457	800	-1	1789437582.357
291	90.0	0.787	6.437	800	-1	1789437583.357
292	90.0	0.692	6.476	800	-1	1789437584.357
293	90.0	0.776	6.470	800	-1	1789437585.368
294	90.0	0.831	6.469	800	-1	1789437586.369
295	90.0	0.697	7.745	800	-1	1789437587.368
296	90.0	0.771	6.451	800	-1	1789437588.369
297	90.0	0.815	6.876	800	-1	1789437589.380
298	90.0	0.854	6.564	800	-1	1789437590.380
299	90.0	0.860	6.547	800	-1	1789437591.380
300	90.0	0.675	6.489	800	-1	1789437592.391
301	90.0	0.827	6.777	800	-1	1789437593.391
302	90.0	0.827	6.445	800	-1	1789437594.391
303	90.0	0.865	6.540	800	-1	1789437595.402
304	90.0	1.140	6.848	800	-1	1789437596.402
305	90.0	0.830	6.465	800	-1	1789437597.403
306	90.0	0.775	6.497	800	-1	1789437598.403
307	90.0	0.804	6.466	800	-1	1789437599.403
308	90.0	0.836	6.452	800	-1	1789437600.414
309	90.0	1.574	7.015	800	-1	1789437601.424
310	90.0	1.455	6.944	800	-1	1789437602.424
311	90.0	1.230	6.962	800	-1	1789437603.425
312	90.0	0.813	6.970	800	-1	1789437604.425
313	90.0	0.951	6.892	800	-1	1789437605.425
314	90.0	0.917	6.869	800	-1	1789437606.425
315	90.0	0.870	6.877	800	-1	1789437607.425
316	90.0	1.304	6.950	800	-1	1789437608.426
317	90.0	1.244	6.888	800	-1	1789437609.425
318	90.0	0.889	6.585	800	-1	1789437610.425
319	90.0	1.308	6.913	800	-1	1789437611.426
320	90.0	0.980	6.546	800	-1	1789437612.426
321	90.0	0.777	6.540	800	-1	1789437613.426
322	90.0	0.880	6.878	800	-1	1789437614.425
323	90.0	0.805	6.518	800	-1	1789437615.426
324	90.0	0.867	6.501	800	-1	1789437616.437
325	90.0	1.153	6.814	800	-1	1789437617.437
326	90.0	1.196	6.842	800	-1	1789437618.437
327	90.0	0.885	6.794	800	-1	1789437619.437
328	90.0	0.871	6.771	800	-1	1789437620.437
329	90.0	1.084	6.849	800	-1	1789437621.438
330	90.0	0.886	6.804	800	-1	1789437622.438
331	90.0	1.267	6.846	800	-1	1789437623.438
332	90.0	0.898	6.459	800	-1	1789437624.438
333	90.0	0.657	7.697	800	-1	1789437625.438
334	90.0	0.772	6.803	800	-1	1789437626.438
335	90.0	1.206	6.829	800	-1	1789437627.438
336	90.0	0.900	6.803	800	-1	1789437628.438
337	90.0	0.845	6.795	800	-1	1789437629.438
338	90.0	0.874	6.796	800	-1	1789437630.439
339	90.0	0.868	6.454	800	-1	1789437631.439
340	90.0	0.832	6.475	800	-1	1789437632.439
341	90.0	1.029	6.842	800	-1	1789437633.438
342	90.0	0.910	6.816	800	-1	1789437634.439
343	90.0	1.068	6.793	800	-1	1789437635.439
344	90.0	0.916	6.444	800	-1	1789437636.439
345	90.0	0.806	6.505	800	-1	1789437637.439
346	90.0	0.673	6.496	800	-1	1789437638.439
347	90.0	0.923	6.841	800	-1	1789437639.439
348	90.0	0.890	6.447	800	-1	1789437640.439
349	90.0	0.785	6.473	800	-1	1789437641.451
350	90.0	0.812	6.503	800	-1	1789437642.451
351	90.0	0.781	6.473	800	-1	1789437643.451
352	90.0	0.812	6.614	800	-1	1789437644.461
353	90.0	1.201	7.010	800	-1	1789437645.461
354	90.0	0.859	6.904	800	-1	1789437646.461
355	90.0	0.824	6.556	800	-1	1789437647.462
356	90.0	0.636	7.755	800	-1	1789437648.462
357	90.0	0.859	6.609	800	-1	1789437649.462
358	90.0	0.846	6.835	800	-1	1789437650.462
359	90.0	0.884	6.466	800	-1	1789437651.473
360	90.0	0.837	6.770	800	-1	1789437652.474
361	90.0	0.805	6.778	800	-1	1789437653.473
362	90.0	0.818	6.462	800	-1	1789437654.474
363	90.0	0.820	6.483	800	-1	1789437655.485
364	90.0	1.106	6.827	800	-1	1789437656.485
365	90.0	0.791	6.446	800	-1	1789437657.485
366	90.0	0.879	6.879	800	-1	1789437658.485
367	90.0	1.004	6.508	800	-1	1789437659.485
368	90.0	1.298	6.919	800	-1	1789437660.485
369	90.0	0.771	6.457	800	-1	1789437661.485
370	90.0	0.800	6.490	800	-1	1789437662.485
371	90.0	0.778	6.454	800	-1	1789437663.486
372	90.0	0.835	6.449	800	-1	1789437664.486
373	90.0	0.875	6.479	800	-1	1789437665.486
374	90.0	0.917	6.801	800	-1	1789437666.485
375	90.0	0.838	6.749	800	-1	1789437667.486
376	90.0	0.836	6.483	800	-1	1789437668.486
377	90.0	0.870	6.773	800	-1	1789437669.486
378	90.0	0.873	6.462	800	-1	1789437670.486
379	90.0	0.770	6.473	800	-1	1789437671.497
380	90.0	1.142	6.863	800	-1	1789437672.497
381	90.0	0.774	6.457	800	-1	1789437673.497
382	90.0	0.833	6.469	800	-1	1789437674.497
383	90.0	0.786	6.800	800	-1	1789437675.497
384	90.0	0.732	6.545	800	-1	1789437676.509
385	90.0	0.856	6.820	800	-1	1789437677.508
386	90.0	0.725	6.559	800	-1	1789437678.509
387	90.0	0.721	6.535	800	-1	1789437679.520
388	90.0	0.844	6.500	800	-1	1789437680.520
389	90.0	0.833	6.442	800	-1	1789437681.520
390	90.0	0.822	6.457	800	-1	1789437682.520
391	90.0	0.836	6.760	800	-1	1789437683.520
392	90.0	0.946	6.763	800	-1	1789437684.520
393	90.0	0.843	6.808	800	-1	1789437685.520
394	90.0	1.090	6.805	800	-1	1789437686.520
395	90.0	0.787	6.438	800	-1	1789437687.521
396	90.0	0.839	6.785	800	-1	1789437688.521
397	90.0	1.299	6.877	800	-1	1789437689.521
398	90.0	0.783	6.491	800	-1	1789437690.521
399	90.0	0.826	6.439	800	-1	1789437691.532
400	90.0	0.883	6.446	800	-1	1789437692.533
401	90.0	0.786	6.513	800	-1	1789437693.532
402	90.0	0.933	6.792	800	-1	1789437694.532
403	90.0	0.760	6.522	800	-1	1789437695.533
404	90.0	0.814	6.475	800	-1	1789437696.533
405	90.0	0.831	6.587	800	-1	1789437697.544
406	90.0	0.882	6.916	800	-1	1789437698.543
407	90.0	0.871	6.874	800	-1	1789437699.544
408	90.0	1.082	6.883	800	-1	1789437700.544
409	90.0	0.899	6.696	800	-1	1789437701.544
410	90.0	0.812	6.548	800	-1	1789437702.544
411	90.0	0.789	6.679	800	-1	1789437703.544
412	90.0	0.793	6.617	800	-1	1789437704.545
413	90.0	0.807	6.568	800	-1	1789437705.545
414	90.0	0.757	6.590	800	-1	1789437706.544
415	90.0	0.792	6.599	800	-1	1789437707.545
416	90.0	0.811	6.580	800	-1	1789437708.545
417	90.0	0.787	6.568	800	-1	1789437709.545
418	90.0	0.827	6.491	800	-1	1789437710.556
419	90.0	0.865	6.771	800	-1	1789437711.555
420	90.0	0.907	6.814	800	-1	1789437712.556
421	90.0	0.725	6.820	800	-1	1789437713.556
422	90.0	0.803	6.764	800	-1	1789437714.556
423	90.0	1.006	6.816	800	-1	1789437715.556
424	90.0	1.177	6.820	800	-1	1789437716.556
425	90.0	0.809	6.466	800	-1	1789437717.556
426	90.0	0.715	6.483	800	-1	1789437718.556
427	90.0	0.728	6.459	800	-1	1789437719.556
428	90.0	0.800	6.769	800	-1	1789437720.556
429	90.0	0.800	6.464	800	-1	1789437721.556
430	90.0	0.812	6.558	800	-1	1789437722.568
431	90.0	0.776	6.796	800	-1	1789437723.568
432	90.0	0.763	6.435	800	-1	1789437724.568
433	90.0	0.820	6.784	800	-1	1789437725.568
434	90.0	0.774	6.445	800	-1	1789437726.569
435	90.0	0.778	6.454	800	-1	1789437727.568
436	90.0	0.766	6.452	800	-1	1789437728.569
437	90.0	0.770	6.470	800	-1	1789437729.569
438	90.0	0.807	6.534	800	-1	1789437730.580
439	90.0	0.855	6.464	800	-1	1789437731.591
440	90.0	0.917	6.863	800	-1	1789437732.591
441	90.0	1.352	6.889	800	-1	1789437733.591
442	90.0	0.909	6.787	800	-1	1789437734.602
443	90.0	0.664	6.480	800	-1	1789437735.602
444	90.0	0.776	6.494	800	-1	1789437736.602
445	90.0	1.085	6.807	800	-1	1789437737.602
446	90.0	0.829	6.458	800	-1	1789437738.603
447	90.0	0.998	6.830	800	-1	1789437739.602
448	90.0	0.863	6.477	800	-1	1789437740.603
449	90.0	1.165	6.866	800	-1	1789437741.614
450	90.0	0.880	6.787	800	-1	1789437742.614
451	90.0	0.847	6.594	800	-1	1789437743.625
452	90.0	0.830	6.728	800	-1	1789437744.625
453	90.0	0.785	6.933	800	-1	1789437745.625
454	90.0	0.822	6.580	800	-1	1789437746.625
455	90.0	0.788	6.683	800	-1	1789437747.625
456	90.0	0.793	6.558	800	-1	1789437748.625
457	90.0	0.885	6.905	800	-1	1789437749.625
458	90.0	0.811	6.582	800	-1	1789437750.625
459	90.0	0.859	6.620	800	-1	1789437751.625
460	90.0	0.884	6.930	800	-1	1789437752.625
461	90.0	1.210	7.043	800	-1	1789437753.625
462	90.0	0.903	6.622	800	-1	1789437754.626
463	90.0	0.852	6.898	800	-1	1789437755.625
464	90.0	0.856	6.619	800	-1	1789437756.626
465	90.0	0.861	6.636	800	-1	1789437757.626
466	90.0	1.279	6.912	800	-1	1789437758.626
467	90.0	0.906	6.708	800	-1	1789437759.627
468	90.0	0.859	6.788	800	-1	1789437760.637
469	90.0	1.186	6.871	800	-1	1789437761.637
470	90.0	0.872	6.856	800	-1	1789437762.637
471	90.0	1.150	6.836	800	-1	1789437763.637
472	90.0	0.878	6.814	800	-1	1789437764.638
473	90.0	1.280	6.967	800	-1	1789437765.637
474	90.0	0.856	6.869	800	-1	1789437766.637
475	90.0	1.093	6.850	800	-1	1789437767.637
476	90.0	1.242	6.867	800	-1	1789437768.638
477	90.0	0.715	6.469	800	-1	1789437769.638
478	90.0	0.886	6.797	800	-1	1789437770.638
479	90.0	0.726	6.479	800	-1	1789437771.639
480	90.0	1.075	6.830	800	-1	1789437772.638
481	90.0	0.806	6.750	800	-1	1789437773.639
482	90.0	0.769	6.785	800	-1	1789437774.639
483	90.0	0.758	7.665	800	-1	1789437775.649
484	90.0	0.767	6.460	800	-1	1789437776.650
485	90.0	0.781	6.450	800	-1	1789437777.650
486	90.0	0.811	6.765	800	-1	1789437778.650
487	90.0	0.785	6.451	800	-1	1789437779.650
488	90.0	0.771	6.562	800	-1	1789437780.661
489	90.0	0.770	6.464	800	-1	1789437781.661
490	90.0	0.761	6.549	800	-1	1789437782.673
491	90.0	0.862	6.779	800	-1	1789437783.672
492	90.0	0.918	6.483	800	-1	1789437784.673
493	90.0	0.712	6.507	800	-1	1789437785.673
494	90.0	0.907	6.870	800	-1	1789437786.684
495	90.0	0.800	6.470	800	-1	1789437787.684
496	90.0	0.767	6.491	800	-1	1789437788.695
497	90.0	0.763	6.505	800	-1	1789437789.695
498	90.0	0.767	6.477	800	-1	1789437790.695
499	90.0	0.691	6.504	800	-1	1789437791.695
500	90.0	0.689	6.516	800	-1	1789437792.696
501	90.0	0.790	6.704	800	-1	1789437793.707
502	90.0	1.216	6.837	800	-1	1789437794.718
503	90.0	0.817	6.771	800	-1	1789437795.718
504	90.0	0.835	6.792	800	-1	1789437796.718
505	90.0	0.869	6.446	800	-1	1789437797.729
506	90.0	1.101	6.850	800	-1	1789437798.730
507	90.0	1.006	6.823	800	-1	1789437799.729
508	90.0	0.841	6.788	800	-1	1789437800.729
509	90.0	0.883	6.468	800	-1	1789437801.729
510	90.0	0.714	6.796	800	-1	1789437802.729
511	90.0	0.792	6.459	800	-1	1789437803.730
512	90.0	0.792	6.460	800	-1	1789437804.730
513	90.0	0.781	6.489	800	-1	1789437805.730
514	90.0	0.800	6.446	800	-1	1789437806.730
515	90.0	0.798	6.555	800	-1	1789437807.741
516	90.0	0.696	6.835	800	-1	1789437808.752
517	90.0	0.875	6.803	800	-1	1789437809.752
518	90.0	0.854	6.842	800	-1	1789437810.752
519	90.0	0.747	6.483	800	-1	1789437811.753
520	90.0	0.796	6.435	800	-1	1789437812.764
521	90.0	0.807	6.442	800	-1	1789437813.764
522	90.0	0.817	6.445	800	-1	1789437814.764
523	90.0	0.828	6.806	800	-1	1789437815.775
524	90.0	0.826	6.769	800	-1	1789437816.775
525	90.0	0.794	6.445	800	-1	1789437817.775
526	90.0	0.826	6.472	800	-1	1789437818.775
527	90.0	0.782	6.466	800	-1	1789437819.775
528	90.0	0.769	6.471	800	-1	1789437820.775
529	90.0	1.174	6.839	800	-1	1789437821.775
530	90.0	0.758	6.486	800	-1	1789437822.776
531	90.0	0.818	6.451	800	-1	1789437823.776
532	90.0	0.788	6.563	800	-1	1789437824.787
533	90.0	0.701	6.671	800	-1	1789437825.787
534	90.0	0.796	6.584	800	-1	1789437826.787
535	90.0	0.834	6.634	800	-1	1789437827.787
536	90.0	0.662	8.021	800	-1	1789437828.798
537	90.0	0.908	6.497	800	-1	1789437829.798
538	90.0	0.824	6.779	800	-1	1789437830.798
539	90.0	0.809	6.466	800	-1	1789437831.799
540	90.0	0.797	6.473	800	-1	1789437832.799
541	90.0	0.866	6.780	800	-1	1789437833.798
542	90.0	0.841	6.442	800	-1	1789437834.799
543	90.0	0.882	6.457	800	-1	1789437835.799
544	90.0	0.804	6.488	800	-1	1789437836.799
545	90.0	0.860	6.771	800	-1	1789437837.799
546	90.0	0.812	6.482	800	-1	1789437838.799
547	90.0	0.800	6.822	800	-1	1789437839.799
548	90.0	0.844	6.790	800	-1	1789437840.799
549	90.0	0.777	6.463	800	-1	1789437841.810
550	90.0	0.934	6.468	800	-1	1789437842.810
551	90.0	0.805	6.453	800	-1	1789437843.811
552	90.0	0.780	6.488	800	-1	1789437844.811
553	90.0	0.785	6.466	800	-1	1789437845.811
554	90.0	0.802	6.460	800	-1	1789437846.811
555	90.0	0.767	6.462	800	-1	1789437847.811
556	90.0	0.737	6.474	800	-1	1789437848.811
557	90.0	0.818	6.495	800	-1	1789437849.812
558	90.0	0.797	6.538	800	-1	1789437850.811
559	90.0	0.712	6.475	800	-1	1789437851.811
560	90.0	0.768	6.470	800	-1	1789437852.811
561	90.0	0.785	6.451	800	-1	1789437853.812
562	90.0	0.740	6.459	800	-1	1789437854.812
563	90.0	0.653	6.474	800	-1	1789437855.812
564	90.0	0.889	6.450	800	-1	1789437856.822
565	90.0	1.094	6.838	800	-1	1789437857.823
566	90.0	0.788	6.480	800	-1	1789437858.823
567	90.0	0.832	6.611	800	-1	1789437859.823
568	90.0	1.156	6.838	800	-1	1789437860.834
569	90.0	0.762	6.509	800	-1	1789437861.835
570	90.0	0.855	6.837	800	-1	1789437862.835
571	90.0	0.805	6.820	800	-1	1789437863.834
572	90.0	1.206	6.835	800	-1	1789437864.834
573	90.0	0.840	6.834	800	-1	1789437865.834
574	90.0	0.825	6.476	800	-1	1789437866.834
575	90.0	0.909	6.878	800	-1	1789437867.834
576	90.0	0.767	6.798	800	-1	1789437868.835
577	90.0	0.835	6.469	800	-1	1789437869.846
578	90.0	0.788	6.479	800	-1	1789437870.857
579	90.0	0.932	6.501	800	-1	1789437871.857
580	90.0	0.808	6.796	800	-1	1789437872.857
581	90.0	0.826	6.482	800	-1	1789437873.857
582	90.0	0.774	6.798	800	-1	1789437874.857
583	90.0	0.780	6.768	800	-1	1789437875.857
584	90.0	0.766	6.474	800	-1	1789437876.858
585	90.0	0.789	6.471	800	-1	1789437877.858
586	90.0	0.708	6.485	800	-1	1789437878.858
587	90.0	0.788	6.491	800	-1	1789437879.858
588	90.0	0.798	6.466	800	-1	1789437880.858
589	90.0	0.779	6.469	800	-1	1789437881.858
590	90.0	0.883	6.481	800	-1	1789437882.858
591	90.0	0.806	6.476	800	-1	1789437883.858
592	90.0	0.738	6.508	800	-1	1789437884.858
593	90.0	0.713	6.498	800	-1	1789437885.858
594	90.0	0.760	6.509	800	-1	1789437886.858
595	90.0	0.780	6.451	800	-1	1789437887.858
596	90.0	0.783	6.477	800	-1	1789437888.858
597	90.0	0.919	6.468	800	-1	1789437889.858
598	90.0	0.819	6.846	800	-1	1789437890.859
599	90.0	0.822	6.464	800	-1	1789437891.859
600	90.0	0.867	6.679	800	-1	1789437892.870
601	90.0	0.798	6.467	800	-1	1789437893.881
602	90.0	0.803	6.436	800	-1	1789437894.882
603	90.0	0.784	6.437	800	-1	1789437895.882
604	90.0	0.638	6.503	800	-1	1789437896.882
605	90.0	0.799	6.449	800	-1	1789437897.882
606	90.0	0.976	6.817	800	-1	1789437898.881
607	90.0	0.751	6.499	800	-1	1789437899.882
608	90.0	0.992	8.006	800	-1	1789437900.892
609	90.0	0.809	6.456	800	-1	1789437901.893
610	90.0	0.780	6.831	800	-1	1789437902.893
611	90.0	0.772	6.576	800	-1	1789437903.904
612	90.0	0.779	6.612	800	-1	1789437904.904
613	90.0	0.771	6.537	800	-1	1789437905.904
614	90.0	0.775	6.591	800	-1	1789437906.905
615	90.0	0.799	6.555	800	-1	1789437907.906
616	90.0	0.782	6.608	800	-1	1789437908.905
617	90.0	1.188	6.840	800	-1	1789437909.915
618	90.0	0.793	6.836	800	-1	1789437910.916
619	90.0	0.970	6.819	800	-1	1789437911.915
620	90.0	0.861	6.465	800	-1	1789437912.916
621	90.0	1.055	6.851	800	-1	1789437913.916
622	90.0	0.898	7.717	800	-1	1789437914.926
623	90.0	0.787	6.469	800	-1	1789437915.927
624	90.0	0.737	6.505	800	-1	1789437916.927
625	90.0	0.797	6.787	800	-1	1789437917.927
626	90.0	0.784	6.460	800	-1	1789437918.928
627	90.0	0.840	6.525	800	-1	1789437919.927
628	90.0	0.765	6.433	800	-1	1789437920.928
629	90.0	0.777	6.426	800	-1	1789437921.928
630	90.0	0.773	6.453	800	-1	1789437922.928
631	90.0	0.898	6.475	800	-1	1789437923.939
632	90.0	0.827	6.494	800	-1	1789437924.939
633	90.0	0.776	6.511	800	-1	1789437925.939
634	90.0	0.802	6.511	800	-1	1789437926.939
635	90.0	0.835	6.508	800	-1	1789437927.940
636	90.0	0.857	6.472	800	-1	1789437928.940
637	90.0	0.803	6.458	800	-1	1789437929.939
638	90.0	0.750	6.542	800	-1	1789437930.940
639	90.0	0.776	6.462	800	-1	1789437931.940
640	90.0	1.275	6.950	800	-1	1789437932.951
641	90.0	0.899	6.640	800	-1	1789437933.951
642	90.0	0.864	6.785	800	-1	1789437934.962
643	90.0	0.917	6.481	800	-1	1789437935.962
644	90.0	0.710	6.862	800	-1	1789437936.961
645	90.0	0.926	6.881	800	-1	1789437937.962
646	90.0	0.897	6.785	800	-1	1789437938.962
647	90.0	0.842	6.510	800	-1	1789437939.962
648	90.0	0.855	6.462	800	-1	1789437940.962
649	90.0	0.920	6.481	800	-1	1789437941.962
650	90.0	1.116	6.826	800	-1	1789437942.963
651	90.0	0.797	6.448	800	-1	1789437943.963
652	90.0	0.828	6.467	800	-1	1789437944.963
653	90.0	0.773	6.481	800	-1	1789437945.974
654	90.0	0.836	6.793	800	-1	1789437946.974
655	90.0	1.044	6.818	800	-1	1789437947.974
656	90.0	0.833	6.793	800	-1	1789437948.974
657	90.0	0.788	6.452	800	-1	1789437949.974
658	90.0	0.786	6.479	800	-1	1789437950.974
659	90.0	0.791	6.776	800	-1	1789437951.974
660	90.0	0.792	6.460	800	-1	1789437952.975
661	90.0	0.780	6.462	800	-1	1789437953.975
662	90.0	0.798	6.476	800	-1	1789437954.975
663	90.0	0.780	6.485	800	-1	1789437955.975
664	90.0	0.887	8.296	800	-1	1789437956.985
665	90.0	1.202	6.914	800	-1	1789437957.985
666	90.0	0.735	6.631	800	-1	1789437958.986
667	90.0	0.803	6.671	800	-1	1789437959.986
668	90.0	0.805	6.602	800	-1	1789437960.987
669	90.0	0.793	6.661	800	-1	1789437961.986
670	90.0	1.182	6.901	800	-1	1789437962.986
671	90.0	0.869	6.822	800	-1	1789437963.986
672	90.0	0.857	6.622	800	-1	1789437964.987
673	90.0	0.720	6.504	800	-1	1789437965.998
674	90.0	0.822	6.455	800	-1	1789437967.009
675	90.0	0.833	6.461	800	-1	1789437968.009
676	90.0	0.627	7.605	800	-1	1789437969.009
677	90.0	0.681	7.643	800	-1	1789437970.009
678	90.0	1.123	6.828	800	-1	1789437971.009
679	90.0	0.642	6.463	800	-1	1789437972.009
680	90.0	0.854	6.791	800	-1	1789437973.009
681	90.0	0.807	6.776	800	-1	1789437974.009
682	90.0	0.777	6.473	800	-1	1789437975.010
683	90.0	0.809	6.497	800	-1	1789437976.010
684	90.0	0.760	6.470	800	-1	1789437977.021
685	90.0	0.827	6.502	800	-1	1789437978.021
686	90.0	0.897	6.926	800	-1	1789437979.031
687	90.0	1.011	6.948	800	-1	1789437980.032
688	90.0	0.933	6.897	800	-1	1789437981.033
689	90.0	0.896	6.965	800	-1	1789437982.032
690	90.0	0.928	6.595	800	-1	1789437983.033
691	90.0	1.057	6.921	800	-1	1789437984.032
692	90.0	0.839	6.888	800	-1	1789437985.032
693	90.0	1.068	6.942	800	-1	1789437986.032
694	90.0	1.486	6.957	800	-1	1789437987.033
695	90.0	1.504	7.022	800	-1	1789437988.033
696	90.0	0.699	8.011	800	-1	1789437989.043
697	90.0	0.816	6.823	800	-1	1789437990.044
698	90.0	0.789	6.806	800	-1	1789437991.044
699	90.0	0.822	6.448	800	-1	1789437992.044
700	90.0	0.884	6.778	800	-1	1789437993.055
701	90.0	0.876	6.482	800	-1	1789437994.056
702	90.0	0.801	6.771	800	-1	1789437995.056
703	90.0	0.827	6.773	800	-1	1789437996.056
704	90.0	0.811	6.495	800	-1	1789437997.056
705	90.0	0.815	6.461	800	-1	1789437998.056
706	90.0	0.579	7.561	800	-1	1789437999.056
707	90.0	0.971	6.827	800	-1	1789438000.067
708	90.0	0.761	6.694	800	-1	1789438001.067
709	90.0	0.813	6.499	800	-1	1789438002.067
710	90.0	0.681	8.090	800	-1	1789438003.067
711	90.0	0.786	6.634	800	-1	1789438004.067
712	90.0	0.652	6.703	800	-1	1789438005.068
713	90.0	0.811	6.873	800	-1	1789438006.068
714	90.0	0.788	6.505	800	-1	1789438007.068
715	90.0	1.014	6.826	800	-1	1789438008.078
716	90.0	0.820	6.496	800	-1	1789438009.079
717	90.0	0.859	6.444	800	-1	1789438010.090
718	90.0	0.837	6.812	800	-1	1789438011.090
719	90.0	1.125	6.797	800	-1	1789438012.091
720	90.0	1.010	6.775	800	-1	1789438013.090
721	90.0	0.873	6.439	800	-1	1789438014.091
722	90.0	0.863	6.781	800	-1	1789438015.090
723	90.0	1.155	6.890	800	-1	1789438016.090
724	90.0	0.872	6.835	800	-1	1789438017.091
725	90.0	1.160	6.818	800	-1	1789438018.091
726	90.0	0.857	6.474	800	-1	1789438019.091
727	90.0	0.868	6.798	800	-1	1789438020.091
728	90.0	0.887	6.514	800	-1	1789438021.102
729	90.0	0.703	6.473	800	-1	1789438022.102
730	90.0	0.817	6.474	800	-1	1789438023.102
731	90.0	0.860	6.478	800	-1	1789438024.102
732	90.0	0.819	6.440	800	-1	1789438025.103
733	90.0	0.865	6.506	800	-1	1789438026.102
734	90.0	0.929	6.465	800	-1	1789438027.103
735	90.0	0.959	6.499	800	-1	1789438028.102
736	90.0	1.391	6.861	800	-1	1789438029.103
737	90.0	0.825	6.477	800	-1	1789438030.103
738	90.0	0.802	6.478	800	-1	1789438031.103
739	90.0	0.781	6.564	800	-1	1789438032.103
740	90.0	0.768	6.482	800	-1	1789438033.103
741	90.0	0.769	6.466	800	-1	1789438034.103
742	90.0	0.703	6.534	800	-1	1789438035.103
743	90.0	0.869	6.508	800	-1	1789438036.103
744	90.0	0.986	6.789	800	-1	1789438037.103
745	90.0	1.163	6.872	800	-1	1789438038.104
746	90.0	0.883	6.861	800	-1	1789438039.114
747	90.0	0.874	6.857	800	-1	1789438040.114
748	90.0	0.902	6.583	800	-1	1789438041.114
749	90.0	0.856	6.652	800	-1	1789438042.114
750	90.0	0.801	7.908	800	-1	1789438043.125
751	90.0	0.870	6.464	800	-1	1789438044.126
752	90.0	0.759	8.010	800	-1	1789438045.126
753	90.0	0.801	6.421	800	-1	1789438046.127
754	90.0	0.802	6.828	800	-1	1789438047.126
755	90.0	0.885	6.770	800	-1	1789438048.126
756	90.0	0.841	6.467	800	-1	1789438049.127
757	90.0	0.749	6.452	800	-1	1789438050.128
758	90.0	0.677	6.487	800	-1	1789438051.138
759	90.0	0.848	6.791	800	-1	1789438052.138
760	90.0	0.787	6.456	800	-1	1789438053.138
761	90.0	0.778	6.459	800	-1	1789438054.139
762	90.0	0.785	6.746	800	-1	1789438055.139
763	90.0	0.823	6.462	800	-1	1789438056.138
764	90.0	0.787	6.756	800	-1	1789438057.138
765	90.0	0.777	6.476	800	-1	1789438058.139
766	90.0	0.790	6.428	800	-1	1789438059.139
767	90.0	0.862	6.534	800	-1	1789438060.149
768	90.0	0.844	7.018	800	-1	1789438061.149
769	90.0	0.960	6.926	800	-1	1789438062.149
770	90.0	0.815	8.100	800	-1	1789438063.160
771	90.0	0.815	7.783	800	-1	1789438064.161
772	90.0	0.863	6.801	800	-1	1789438065.161
773	90.0	1.118	6.825	800	-1	1789438066.161
774	90.0	0.913	6.833	800	-1	1789438067.161
775	90.0	0.767	8.020	800	-1	1789438068.161
776	90.0	0.830	6.811	800	-1	1789438069.161
777	90.0	1.176	6.857	800	-1	1789438070.162
778	90.0	0.778	6.464	800	-1	1789438071.162
779	90.0	0.834	6.453	800	-1	1789438072.173
780	90.0	0.716	7.702	800	-1	1789438073.172
781	90.0	0.760	6.495	800	-1	1789438074.173
782	90.0	0.814	6.445	800	-1	1789438075.173
783	90.0	0.864	6.476	800	-1	1789438076.173
784	90.0	0.781	6.443	800	-1	1789438077.173
785	90.0	0.783	6.460	800	-1	1789438078.174
786	90.0	0.874	6.492	800	-1	1789438079.173
787	90.0	0.795	6.451	800	-1	1789438080.174
788	90.0	1.005	6.780	800	-1	1789438081.173
789	90.0	0.691	6.460	800	-1	1789438082.174
790	90.0	0.793	6.459	800	-1	1789438083.174
791	90.0	0.681	6.468	800	-1	1789438084.174
792	90.0	0.683	7.759	800	-1	1789438085.173
793	90.0	0.780	6.464	800	-1	1789438086.174
794	90.0	0.895	6.461	800	-1	1789438087.185
795	90.0	0.858	6.779	800	-1	1789438088.185
796	90.0	0.824	6.471	800	-1	1789438089.185
797	90.0	1.175	6.839	800	-1	1789438090.185
798	90.0	0.781	6.529	800	-1	1789438091.185
799	90.0	0.866	6.475	800	-1	1789438092.186
800	90.0	0.806	6.469	800	-1	1789438093.186
801	90.0	0.865	6.478	800	-1	1789438094.186
802	90.0	0.864	6.479	800	-1	1789438095.186
803	90.0	0.950	6.871	800	-1	1789438096.197
804	90.0	0.852	6.811	800	-1	1789438097.197
805	90.0	0.820	6.800	800	-1	1789438098.208
806	90.0	0.948	6.471	800	-1	1789438099.208
807	90.0	0.803	6.461	800	-1	1789438100.208
808	90.0	0.781	6.452	800	-1	1789438101.208
809	90.0	0.709	6.464	800	-1	1789438102.209
810	90.0	0.835	6.447	800	-1	1789438103.209
811	90.0	0.862	6.451	800	-1	1789438104.209
812	90.0	0.645	6.484	800	-1	1789438105.209
813	90.0	0.810	6.507	800	-1	1789438106.208
814	90.0	0.804	6.776	800	-1	1789438107.208
815	90.0	0.649	6.497	800	-1	1789438108.208
816	90.0	0.889	6.460	800	-1	1789438109.209
817	90.0	0.815	6.467	800	-1	1789438110.209
818	90.0	0.831	6.474	800	-1	1789438111.209
819	90.0	0.760	6.443	800	-1	1789438112.221
820	90.0	0.991	6.785	800	-1	1789438113.220
821	90.0	0.654	7.702	800	-1	1789438114.220
822	90.0	0.771	6.474	800	-1	1789438115.221
823	90.0	0.766	6.456	800	-1	1789438116.220
824	90.0	0.745	6.459	800	-1	1789438117.221
825	90.0	0.766	6.467	800	-1	1789438118.221
826	90.0	0.820	6.482	800	-1	1789438119.221
827	90.0	0.763	6.478	800	-1	1789438120.221
828	90.0	0.763	6.474	800	-1	1789438121.221
829	90.0	0.879	6.624	800	-1	1789438122.232
830	90.0	0.947	6.987	800	-1	1789438123.233
831	90.0	0.906	6.953	800	-1	1789438124.233
832	90.0	0.732	6.634	800	-1	1789438125.232
833	90.0	0.831	6.612	800	-1	1789438126.233
834	90.0	0.917	6.714	800	-1	1789438127.232
835	90.0	0.868	6.655	800	-1	1789438128.232
836	90.0	0.900	6.594	800	-1	1789438129.233
837	90.0	0.863	6.961	800	-1	1789438130.233
838	90.0	1.288	7.076	800	-1	1789438131.233
839	90.0	1.005	6.782	800	-1	1789438132.244
840	90.0	1.043	6.826	800	-1	1789438133.244
841	90.0	0.891	6.838	800	-1	1789438134.244
842	90.0	0.895	6.770	800	-1	1789438135.244
843	90.0	0.759	6.466	800	-1	1789438136.244
844	90.0	0.716	6.794	800	-1	1789438137.244
845	90.0	0.877	6.795	800	-1	1789438138.244
846	90.0	0.783	6.452	800	-1	1789438139.245
847	90.0	1.231	6.818	800	-1	1789438140.244
848	90.0	0.805	6.450	800	-1	1789438141.245
849	90.0	0.734	6.513	800	-1	1789438142.245
850	90.0	0.877	6.474	800	-1	1789438143.256
851	90.0	0.832	6.457	800	-1	1789438144.256
852	90.0	0.790	6.464	800	-1	1789438145.258
853	90.0	0.778	6.442	800	-1	1789438146.257
854	90.0	0.784	6.460	800	-1	1789438147.257
855	90.0	1.320	7.012	800	-1	1789438148.256
856	90.0	0.905	6.457	800	-1	1789438149.256
857	90.0	0.771	6.443	800	-1	1789438150.258
858	90.0	0.776	6.463	800	-1	1789438151.257
859	90.0	0.826	6.493	800	-1	1789438152.268
860	90.0	0.855	6.804	800	-1	1789438153.279
861	90.0	0.734	6.511	800	-1	1789438154.279
862	90.0	1.055	6.857	800	-1	1789438155.279
863	90.0	0.882	6.482	800	-1	1789438156.279
864	90.0	0.835	6.845	800	-1	1789438157.279
865	90.0	0.789	6.452	800	-1	1789438158.290
866	90.0	1.086	6.816	800	-1	1789438159.291
867	90.0	0.721	6.485	800	-1	1789438160.290
868	90.0	1.008	6.784	800	-1	1789438161.291
869	90.0	0.871	6.457	800	-1	1789438162.291
870	90.0	0.697	6.505	800	-1	1789438163.291
871	90.0	0.783	6.458	800	-1	1789438164.291
872	90.0	0.733	6.463	800	-1	1789438165.291
873	90.0	0.796	6.488	800	-1	1789438166.291
874	90.0	0.788	6.465	800	-1	1789438167.291
875	90.0	0.869	6.491	800	-1	1789438168.291
876	90.0	1.199	6.902	800	-1	1789438169.292
877	90.0	0.790	7.673	800	-1	1789438170.302
878	90.0	0.823	6.466	800	-1	1789438171.303
879	90.0	0.814	6.474	800	-1	1789438172.303
880	90.0	0.777	6.470	800	-1	1789438173.303
881	90.0	0.783	6.461	800	-1	1789438174.303
882	90.0	0.848	6.485	800	-1	1789438175.303
883	90.0	0.794	6.500	800	-1	1789438176.304
884	90.0	0.844	6.478	800	-1	1789438177.303
885	90.0	0.962	6.807	800	-1	1789438178.303
886	90.0	0.823	6.473	800	-1	1789438179.304
887	90.0	0.776	6.495	800	-1	1789438180.304
888	90.0	0.767	6.475	800	-1	1789438181.304
889	90.0	0.830	6.504	800	-1	1789438182.303
890	90.0	0.842	6.762	800	-1	1789438183.303
891	90.0	0.771	6.450	800	-1	1789438184.304
892	90.0	0.771	6.450	800	-1	1789438185.304
893	90.0	0.662	6.505	800	-1	1789438186.304
894	90.0	0.863	6.628	800	-1	1789438187.314
895	90.0	1.326	6.964	800	-1	1789438188.315
896	90.0	0.868	6.929	800	-1	1789438189.315
897	90.0	0.873	6.939	800	-1	1789438190.315
898	90.0	0.830	6.798	800	-1	1789438191.315
899	90.0	0.811	6.659	800	-1	1789438192.315
900	90.0	0.901	6.635	800	-1	1789438193.316
901	90.0	0.892	6.961	800	-1	1789438194.315
902	90.0	0.889	6.955	800	-1	1789438195.316
904	90.0	0.814	6.797	800	-1	1789438196.327
905	90.0	0.793	6.462	800	-1	1789438197.327
906	90.0	0.694	6.437	800	-1	1789438198.327
907	90.0	0.682	6.486	800	-1	1789438199.327
908	90.0	0.838	6.470	800	-1	1789438200.328
909	90.0	0.797	6.479	800	-1	1789438201.327
910	90.0	0.804	6.460	800	-1	1789438202.328
911	90.0	0.977	6.766	800	-1	1789438203.327
912	90.0	1.155	6.819	800	-1	1789438204.327
913	90.0	0.807	6.776	800	-1	1789438205.328
914	90.0	0.816	6.801	800	-1	1789438206.328
915	90.0	0.795	6.753	800	-1	1789438207.328
916	90.0	1.315	6.867	800	-1	1789438208.328
917	90.0	0.801	6.773	800	-1	1789438209.328
918	90.0	0.714	6.486	800	-1	1789438210.339
919	90.0	0.857	6.467	800	-1	1789438211.339
920	90.0	0.821	6.607	800	-1	1789438212.350
921	90.0	0.776	6.482	800	-1	1789438213.350
922	90.0	0.788	6.888	800	-1	1789438214.350
923	90.0	0.738	6.652	800	-1	1789438215.351
924	90.0	0.779	6.614	800	-1	1789438216.351
925	90.0	0.780	6.615	800	-1	1789438217.351
926	90.0	0.941	6.791	800	-1	1789438218.362
927	90.0	0.835	6.474	800	-1	1789438219.362
928	90.0	1.241	6.824	800	-1	1789438220.362
929	90.0	0.775	6.471	800	-1	1789438221.373
930	90.0	0.741	6.483	800	-1	1789438222.374
931	90.0	0.793	6.458	800	-1	1789438223.373
932	90.0	0.779	6.441	800	-1	1789438224.373
933	90.0	0.770	6.451	800	-1	1789438225.373
934	90.0	0.841	6.478	800	-1	1789438226.373
935	90.0	1.053	6.830	800	-1	1789438227.373
936	90.0	0.827	6.439	800	-1	1789438228.374
937	90.0	0.792	6.453	800	-1	1789438229.374
938	90.0	0.874	6.803	800	-1	1789438230.385
939	90.0	0.781	6.470	800	-1	1789438231.385
940	90.0	0.687	7.629	800	-1	1789438232.385
941	90.0	0.656	7.687	800	-1	1789438233.385
942	90.0	0.824	6.504	800	-1	1789438234.385
943	90.0	0.795	6.473	800	-1	1789438235.385
944	90.0	0.852	6.792	800	-1	1789438236.385
945	90.0	0.821	6.446	800	-1	1789438237.386
946	90.0	0.729	6.517	800	-1	1789438238.386
947	90.0	0.779	6.508	800	-1	1789438239.387
948	90.0	0.869	6.916	800	-1	1789438240.397
949	90.0	0.698	6.618	800	-1	1789438241.397
950	90.0	0.889	6.944	800	-1	1789438242.397
951	90.0	0.827	6.455	800	-1	1789438243.408
952	90.0	0.722	6.514	800	-1	1789438244.408
953	90.0	0.841	6.766	800	-1	1789438245.408
954	90.0	0.918	6.791	800	-1	1789438246.408
955	90.0	0.708	6.466	800	-1	1789438247.409
956	90.0	0.865	6.440	800	-1	1789438248.409
957	90.0	0.838	6.447	800	-1	1789438249.409
958	90.0	0.644	7.627	800	-1	1789438250.409
959	90.0	0.910	6.784	800	-1	1789438251.409
960	90.0	1.260	6.819	800	-1	1789438252.409
961	90.0	0.680	6.462	800	-1	1789438253.409
962	90.0	0.969	5.782	800	-1	1789438254.409
963	90.0	0.794	6.543	800	-1	1789438255.420
964	90.0	0.871	8.667	800	-1	1789438256.430
965	90.0	0.971	8.388	800	-1	1789438257.429
966	90.0	0.922	8.684	800	-1	1789438258.430
967	90.0	0.888	8.197	800	-1	1789438259.430
968	90.0	0.976	8.661	800	-1	1789438260.430
969	90.0	0.886	8.719	800	-1	1789438261.430
970	90.0	0.989	8.631	800	-1	1789438262.430
971	90.0	0.888	7.996	800	-1	1789438263.431
972	90.0	0.819	8.479	800	-1	1789438264.430
973	90.0	0.812	8.486	800	-1	1789438265.431
974	90.0	0.805	8.459	800	-1	1789438266.431
975	90.0	0.723	6.637	800	-1	1789438267.432
976	90.0	0.885	6.596	800	-1	1789438268.432
977	90.0	0.837	6.614	800	-1	1789438269.433
978	90.0	0.840	6.594	800	-1	1789438270.433
979	90.0	1.074	6.828	800	-1	1789438271.443
980	90.0	0.811	6.792	800	-1	1789438272.443
981	90.0	0.838	6.810	800	-1	1789438273.444
982	90.0	0.813	6.461	800	-1	1789438274.444
983	90.0	0.816	6.451	800	-1	1789438275.444
984	90.0	0.800	6.571	800	-1	1789438276.455
985	90.0	0.772	6.464	800	-1	1789438277.466
986	90.0	0.775	6.475	800	-1	1789438278.467
987	90.0	0.935	6.837	800	-1	1789438279.467
988	90.0	0.769	6.465	800	-1	1789438280.467
989	90.0	0.779	6.463	800	-1	1789438281.467
990	90.0	0.775	6.441	800	-1	1789438282.467
991	90.0	0.842	6.622	800	-1	1789438283.478
992	90.0	0.848	6.870	800	-1	1789438284.478
993	90.0	1.349	6.914	800	-1	1789438285.478
994	90.0	0.858	6.767	800	-1	1789438286.489
995	90.0	0.899	6.829	800	-1	1789438287.489
996	90.0	0.869	6.805	800	-1	1789438288.489
997	90.0	0.882	6.454	800	-1	1789438289.490
998	90.0	0.796	6.850	800	-1	1789438290.490
999	90.0	1.111	6.806	800	-1	1789438291.489
1000	90.0	1.099	6.826	800	-1	1789438292.489
1001	90.0	0.909	6.857	800	-1	1789438293.490
1002	90.0	0.793	6.466	800	-1	1789438294.501
1003	90.0	0.783	6.442	800	-1	1789438295.502
1004	90.0	0.807	6.504	800	-1	1789438296.502
1005	90.0	0.875	6.693	800	-1	1789438297.512
1006	90.0	0.850	6.723	800	-1	1789438298.512
1007	90.0	0.787	6.980	800	-1	1789438299.512
1008	90.0	0.787	6.597	800	-1	1789438300.513
1009	90.0	0.796	6.594	800	-1	1789438301.513
1010	90.0	0.833	6.647	800	-1	1789438302.512
1011	90.0	1.103	6.875	800	-1	1789438303.512
1012	90.0	0.795	6.922	800	-1	1789438304.513
1013	90.0	0.801	6.605	800	-1	1789438305.513
1014	90.0	0.803	6.599	800	-1	1789438306.513
1015	90.0	0.853	6.939	800	-1	1789438307.513
1016	90.0	0.826	6.567	800	-1	1789438308.513
1017	90.0	0.820	6.880	800	-1	1789438309.513
1018	90.0	0.818	6.594	800	-1	1789438310.513
1019	90.0	0.807	6.896	800	-1	1789438311.513
1020	90.0	0.786	6.558	800	-1	1789438312.514
1021	90.0	0.767	6.722	800	-1	1789438313.513
1022	90.0	0.820	6.857	800	-1	1789438314.514
1023	90.0	0.822	6.879	800	-1	1789438315.514
1024	90.0	1.234	6.944	800	-1	1789438316.514
1025	90.0	0.803	6.872	800	-1	1789438317.514
1026	90.0	0.834	6.707	800	-1	1789438318.514
1027	90.0	0.794	6.755	800	-1	1789438319.514
1028	90.0	0.898	6.803	800	-1	1789438320.525
1029	90.0	0.877	6.805	800	-1	1789438321.525
1030	90.0	1.234	6.843	800	-1	1789438322.525
1031	90.0	0.891	6.457	800	-1	1789438323.526
1032	90.0	0.844	6.823	800	-1	1789438324.526
1033	90.0	0.796	6.457	800	-1	1789438325.526
1034	90.0	0.769	6.457	800	-1	1789438326.537
1035	90.0	0.786	6.462	800	-1	1789438327.537
1036	90.0	0.781	6.449	800	-1	1789438328.537
1037	90.0	0.768	6.483	800	-1	1789438329.537
1038	90.0	0.772	6.506	800	-1	1789438330.548
1039	90.0	0.824	6.789	800	-1	1789438331.548
1040	90.0	1.042	6.804	800	-1	1789438332.548
1041	90.0	0.772	6.499	800	-1	1789438333.549
1042	90.0	0.775	6.465	800	-1	1789438334.549
1043	90.0	0.894	6.858	800	-1	1789438335.560
1044	90.0	0.749	6.572	800	-1	1789438336.560
1045	90.0	0.816	6.523	800	-1	1789438337.560
1046	90.0	1.083	6.891	800	-1	1789438338.560
1047	90.0	1.219	6.879	800	-1	1789438339.560
1048	90.0	0.884	8.316	800	-1	1789438340.560
1049	90.0	0.822	6.847	800	-1	1789438341.560
1050	90.0	0.791	6.933	800	-1	1789438342.560
1051	90.0	0.865	6.807	800	-1	1789438343.560
1052	90.0	0.846	6.517	800	-1	1789438344.561
1053	90.0	0.766	6.578	800	-1	1789438345.561
1054	90.0	0.926	6.777	800	-1	1789438346.572
1055	90.0	0.838	6.435	800	-1	1789438347.572
1056	90.0	0.695	6.806	800	-1	1789438348.572
1057	90.0	0.830	6.440	800	-1	1789438349.572
1058	90.0	0.840	6.435	800	-1	1789438350.572
1059	90.0	0.756	6.497	800	-1	1789438351.572
1060	90.0	0.907	6.776	800	-1	1789438352.572
1061	90.0	0.842	6.466	800	-1	1789438353.572
1062	90.0	0.852	6.454	800	-1	1789438354.573
1063	90.0	0.914	6.450	800	-1	1789438355.572
1064	90.0	0.872	6.459	800	-1	1789438356.573
1065	90.0	0.634	7.657	800	-1	1789438357.573
1066	90.0	0.841	6.450	800	-1	1789438358.573
1067	90.0	0.800	6.783	800	-1	1789438359.573
1068	90.0	0.801	6.760	800	-1	1789438360.573
1069	90.0	0.846	6.507	800	-1	1789438361.572
1070	90.0	0.848	6.785	800	-1	1789438362.573
1071	90.0	0.823	6.435	800	-1	1789438363.573
1072	90.0	0.796	6.462	800	-1	1789438364.573
1073	90.0	0.751	6.487	800	-1	1789438365.573
1074	90.0	0.799	6.462	800	-1	1789438366.573
1075	90.0	0.813	6.448	800	-1	1789438367.574
1076	90.0	0.803	6.485	800	-1	1789438368.573
1077	90.0	0.803	6.465	800	-1	1789438369.574
1078	90.0	0.824	6.461	800	-1	1789438370.573
1079	90.0	1.502	6.927	800	-1	1789438371.574
1080	90.0	0.763	6.452	800	-1	1789438372.585
